crop_idx,soil_idx,irrigation,day_of_year,rain_7d,has_dry_gap,temp_mean,success
3,0,0,329,7.1,0,25.1,0
4,2,0,165,7.1,0,26.2,0
3,0,0,299,4.1,0,21.9,0
2,2,1,208,39.9,0,27.6,1
0,1,1,164,40.3,0,27.0,1
4,2,0,150,49.3,0,26.6,1
3,1,0,316,6.0,1,24.6,0
3,0,1,329,9.3,0,23.0,0
3,0,0,331,15.7,1,23.7,1
1,0,1,175,3.5,1,32.1,0
4,2,0,191,16.9,1,22.1,0
4,1,0,164,20.3,0,29.2,0
0,0,0,174,18.5,1,29.2,1
2,2,0,202,57.0,0,29.2,0
2,1,0,198,11.1,1,27.1,1
4,0,0,183,23.2,1,23.6,1
2,1,0,127,2.3,0,32.4,0
1,2,0,181,1.8,0,36.6,0
2,1,0,188,9.7,1,28.0,0
2,0,1,215,35.1,0,23.1,1
0,0,0,222,0.6,1,31.1,0
3,0,1,332,1.8,0,20.5,1
1,2,0,137,195.5,1,28.4,0
2,2,0,212,79.6,1,25.0,0
3,2,1,333,10.4,0,24.3,0
0,0,0,176,20.8,1,21.2,1
3,0,0,310,16.4,1,17.7,0
3,2,0,302,43.3,0,18.6,0
2,2,1,248,23.7,0,28.3,1
2,2,1,135,75.2,1,27.1,0
4,0,0,188,2.7,0,28.2,1
0,2,0,197,41.7,0,28.3,1
1,2,0,188,41.8,1,30.0,1
4,1,1,187,85.6,0,28.9,1
4,0,0,166,76.2,0,27.6,1
2,0,0,169,1.4,0,30.1,0
4,0,1,210,7.6,1,27.5,0
3,0,1,293,16.4,0,15.0,1
0,0,0,177,9.6,0,30.9,0
4,0,0,233,20.0,1,28.8,1
1,2,1,191,22.5,0,30.7,1
3,0,0,311,35.7,1,21.4,1
1,1,1,259,40.3,0,28.3,1
1,0,1,209,39.6,0,29.9,1
4,2,1,208,36.9,0,29.6,1
3,2,0,322,4.9,1,19.7,0
1,1,0,179,41.3,0,22.0,0
3,0,1,303,16.7,1,19.3,0
3,1,0,340,9.9,0,21.7,0
0,2,0,180,61.3,0,31.3,0
0,0,1,173,104.9,1,25.9,1
4,0,0,210,48.9,1,23.8,0
4,0,0,181,20.4,1,25.6,0
1,2,0,195,3.7,0,32.8,0
1,0,1,168,3.1,1,28.8,0
0,1,1,163,3.1,1,32.8,0
2,1,1,179,0.4,1,24.5,1
3,0,1,336,3.3,0,24.4,0
0,0,0,181,173.5,0,31.4,1
3,0,0,349,7.3,1,23.9,0
0,2,0,234,11.4,0,25.2,0
1,1,0,146,21.1,0,25.3,1
4,0,1,198,19.0,1,33.2,0
4,0,0,209,152.7,0,26.4,1
0,1,1,162,1.3,0,28.4,1
3,0,0,326,10.6,1,21.6,0
2,0,0,163,11.2,0,25.3,0
1,2,0,186,51.8,0,35.2,0
3,0,0,328,7.8,0,25.0,0
1,2,0,206,17.4,1,21.8,0
3,0,0,310,11.7,1,25.0,0
3,1,1,285,7.4,1,20.8,0
4,1,0,176,4.8,0,27.7,1
3,0,1,361,2.3,0,20.0,1
4,1,0,177,8.1,1,24.4,0
4,2,0,192,3.0,1,32.2,0
4,0,0,195,7.1,0,30.7,0
1,2,0,173,5.6,0,28.4,0
2,2,0,171,17.7,0,31.2,0
3,1,0,288,5.0,0,21.6,0
0,0,0,219,28.6,1,29.9,0
1,0,0,185,9.8,1,30.9,0
0,0,0,164,23.4,1,23.6,1
0,2,0,199,0.2,1,28.5,0
2,1,1,231,11.5,1,33.7,1
3,2,0,324,14.7,1,26.1,0
2,2,0,163,14.4,0,28.2,1
3,1,0,307,13.7,1,23.3,0
2,1,0,191,18.4,1,30.3,0
1,2,0,192,64.5,0,33.5,1
3,1,1,308,12.1,1,19.0,1
1,0,1,224,80.5,0,26.6,1
0,0,0,197,2.4,0,19.8,0
2,2,1,157,73.8,0,29.8,1
2,0,0,152,47.7,0,25.1,1
1,0,1,205,4.1,1,26.2,0
4,0,0,215,0.4,1,26.3,0
1,2,0,150,19.3,0,25.6,1
1,0,0,173,45.3,0,26.5,1
3,0,1,304,10.3,1,22.4,1
4,1,1,177,4.2,1,30.7,0
0,0,1,243,17.8,0,29.8,1
3,0,0,299,9.3,1,16.0,0
1,2,1,142,21.1,0,27.1,1
3,1,0,340,3.9,0,18.9,0
0,2,1,236,69.0,0,22.3,1
0,0,0,213,15.0,1,26.8,0
4,1,1,138,43.8,0,30.5,1
0,1,0,171,14.2,0,28.8,0
1,1,1,215,135.1,1,28.4,1
0,0,0,198,0.7,0,24.0,0
2,2,1,171,9.8,1,27.2,0
2,0,0,137,3.2,1,24.8,0
4,2,0,188,42.6,1,31.0,0
2,1,1,171,62.2,0,27.7,1
0,1,1,171,29.2,1,28.9,1
0,1,0,187,35.1,0,22.0,1
2,1,1,147,11.1,0,28.4,0
4,1,0,190,36.9,1,22.0,1
1,1,0,220,38.3,0,33.5,0
1,0,0,164,6.4,1,28.1,0
3,2,0,289,5.3,1,18.6,0
2,1,0,192,46.2,0,28.6,1
3,2,0,319,10.9,0,19.0,0
4,0,0,179,40.8,0,34.2,1
2,1,1,152,31.2,1,31.3,1
2,0,0,178,7.2,1,30.2,0
4,0,1,200,10.1,1,29.6,1
1,0,1,200,1.2,1,28.5,0
1,2,1,208,65.1,0,27.7,1
0,1,0,169,2.8,1,26.9,0
3,2,0,348,4.6,1,21.6,0
1,1,0,186,0.0,0,27.9,0
2,2,1,210,18.0,1,25.6,1
3,2,0,314,8.9,1,19.0,1
4,1,0,191,31.1,0,30.6,0
0,2,0,153,104.8,1,30.4,1
2,1,0,209,25.2,0,33.7,1
1,0,0,164,2.1,1,32.2,0
2,1,0,182,23.6,1,22.0,0
2,1,0,123,11.2,1,24.9,1
1,1,1,196,3.2,1,35.0,0
2,0,0,193,4.1,1,28.1,0
1,0,0,210,15.0,1,29.2,0
4,0,1,194,66.5,1,31.9,1
2,0,1,205,48.9,0,33.4,1
1,0,0,175,14.3,1,28.5,0
3,1,1,315,4.1,1,21.0,0
0,2,0,170,0.7,1,25.7,0
3,2,1,311,4.3,1,21.6,1
1,1,0,167,71.8,1,28.4,0
3,2,0,351,13.8,0,20.8,1
4,0,0,182,61.2,0,32.1,1
3,1,0,283,4.6,1,19.3,0
2,0,1,203,22.4,1,26.8,1
0,0,1,194,50.1,0,29.6,1
4,1,0,177,4.4,0,33.0,0
3,0,0,305,10.5,0,21.0,0
2,0,0,229,17.6,1,26.7,0
2,0,1,203,5.5,0,31.0,0
3,0,0,302,5.2,0,21.1,1
1,1,0,204,7.8,0,30.2,1
2,0,1,181,43.2,1,25.7,1
3,1,0,362,9.7,0,20.4,0
2,2,0,170,2.2,0,28.7,0
4,2,0,193,37.6,0,26.0,1
1,2,0,151,39.9,0,30.0,1
0,2,0,189,47.5,0,30.3,1
3,1,1,288,15.5,0,27.0,0
1,1,1,148,21.9,1,22.6,1
1,1,0,188,23.7,0,27.0,0
0,1,0,146,17.8,1,31.8,1
0,0,0,190,20.4,0,27.0,1
3,1,0,363,35.6,0,17.2,1
3,0,0,330,18.3,1,14.5,0
3,2,0,318,9.1,1,20.9,1
2,1,0,222,17.7,1,30.7,0
1,0,0,176,25.4,1,31.8,0
3,2,0,342,2.7,1,17.9,0
0,2,1,206,6.8,1,27.4,0
1,2,1,240,71.1,0,27.8,1
0,1,1,195,61.4,0,28.5,1
3,1,1,340,18.3,0,20.2,1
3,1,0,343,19.8,1,17.3,0
2,0,1,183,0.2,0,24.4,0
4,2,0,141,16.4,0,26.9,1
2,1,0,180,27.4,1,33.7,0
3,0,1,287,7.8,0,21.5,0
1,2,0,173,79.5,0,32.4,0
3,2,0,318,2.6,0,16.8,0
4,1,0,184,13.1,1,32.9,0
0,0,0,176,40.0,0,27.4,1
0,1,0,176,3.2,1,30.8,0
4,1,0,243,55.3,0,29.4,1
0,0,1,187,10.3,0,33.3,0
3,2,1,324,7.2,0,18.7,1
2,1,0,147,13.1,0,28.5,1
2,1,0,166,5.4,0,28.6,0
1,2,0,222,0.6,0,26.6,0
3,1,0,323,3.7,1,21.8,0
0,0,0,165,25.6,0,27.3,0
2,0,0,222,9.2,1,31.0,0
1,2,0,131,30.4,0,25.8,0
4,2,1,171,19.2,1,23.8,1
3,2,1,309,2.0,1,16.8,0
3,0,1,366,1.1,1,22.2,1
3,1,0,306,5.8,0,17.5,0
0,2,1,184,72.3,0,27.7,1
3,0,0,269,9.3,1,21.1,0
1,1,1,170,59.8,0,26.4,1
2,1,0,182,94.5,0,29.9,1
0,2,0,214,6.7,1,30.0,0
0,0,0,192,19.8,0,28.2,1
1,0,0,149,33.8,1,30.1,0
2,0,1,162,184.5,0,27.8,1
0,2,0,164,41.2,0,26.9,1
0,0,0,203,26.2,1,22.8,1
3,2,0,309,6.4,1,17.5,0
4,1,0,174,54.7,0,24.3,1
4,0,0,190,7.8,0,31.8,1
0,2,0,179,10.8,0,35.8,1
1,1,0,145,21.5,1,22.4,0
0,0,1,175,93.2,0,26.7,1
3,2,0,301,3.1,1,14.5,0
4,2,0,179,1.7,0,28.9,0
0,0,1,119,21.7,1,28.7,0
2,2,1,153,27.9,1,21.8,1
1,1,0,203,53.4,0,28.1,0
1,2,0,213,36.1,0,29.9,1
1,1,1,216,48.3,1,34.3,1
2,1,0,153,20.3,1,21.1,0
3,0,1,313,58.6,1,21.0,1
0,0,0,148,134.2,1,30.1,0
3,2,0,303,9.3,1,23.7,1
4,2,0,179,5.7,0,29.9,0
4,0,1,158,5.8,0,28.9,0
0,0,0,173,9.9,1,27.9,0
2,1,1,207,59.1,0,25.0,1
4,0,0,143,5.6,0,24.1,0
4,1,0,223,76.1,0,26.6,1
4,1,1,209,3.4,1,26.0,0
2,0,0,226,32.4,1,34.6,0
3,2,0,342,14.8,1,19.1,0
4,1,0,158,8.7,1,27.5,0
2,0,1,154,35.4,1,34.5,1
3,2,1,327,2.2,1,21.1,0
4,1,0,188,10.5,1,27.5,0
4,0,0,197,42.8,0,27.6,1
1,2,0,202,6.1,1,30.7,0
3,0,1,300,3.4,1,18.3,1
1,0,1,179,1.2,0,25.4,0
0,0,0,135,80.5,0,24.4,1
3,2,1,343,18.6,1,19.9,1
4,1,0,159,14.5,0,30.1,0
3,0,0,303,13.8,0,20.5,0
4,1,0,215,27.9,1,28.7,1
1,0,0,190,8.5,0,24.9,0
2,0,1,203,4.2,1,25.6,0
2,2,0,201,27.5,1,26.7,0
4,2,1,170,21.0,1,29.8,0
1,0,0,147,17.3,1,24.8,0
0,2,0,182,11.8,1,23.0,0
4,2,0,111,28.6,0,31.7,0
4,2,1,180,31.9,0,23.5,1
3,2,0,302,53.5,0,24.4,1
4,1,0,175,6.2,0,31.5,0
0,0,1,166,127.0,0,23.6,1
1,1,1,172,60.3,0,21.2,1
1,1,1,155,43.6,1,26.2,1
4,2,0,163,48.4,0,20.9,1
0,0,1,168,1.1,1,30.3,1
2,2,0,169,63.5,0,29.8,1
3,1,0,299,0.4,0,19.0,0
3,0,1,332,3.6,1,24.3,0
2,2,0,147,16.8,0,26.0,1
2,0,0,188,11.5,1,28.7,0
2,2,1,202,11.6,1,26.2,1
4,0,0,137,60.9,0,29.8,1
0,2,1,190,31.5,1,31.1,1
4,1,1,182,188.6,1,26.4,1
4,0,0,186,61.9,1,30.2,0
4,2,0,163,52.0,0,21.6,0
4,1,0,210,42.4,0,34.1,1
3,1,1,315,49.5,0,15.8,1
0,1,0,164,5.3,0,27.9,0
4,0,0,191,11.5,0,23.7,0
0,1,0,187,11.7,1,29.0,0
1,2,0,200,11.7,1,26.0,0
2,2,0,178,92.8,0,25.9,1
2,0,1,140,60.8,1,31.1,1
0,2,0,200,1.4,1,29.9,0
3,1,1,306,10.9,0,21.8,0
3,1,0,309,12.5,1,25.5,0
4,1,0,172,35.6,1,26.9,1
2,1,0,179,12.2,1,27.3,0
1,0,0,131,45.7,0,30.6,0
2,1,0,182,69.3,0,25.2,1
2,2,1,176,13.4,1,30.8,1
0,1,1,155,6.4,1,33.2,1
0,0,1,185,16.7,0,20.6,1
2,1,0,210,30.4,1,28.4,1
0,0,1,152,3.7,0,28.3,0
2,1,0,159,23.4,0,26.4,0
4,1,0,114,184.5,0,23.7,1
2,2,0,245,6.5,0,21.7,0
2,1,1,158,24.8,1,29.9,1
2,2,0,187,285.6,0,23.9,0
3,2,1,301,4.7,1,24.2,0
4,0,0,141,116.4,1,28.8,0
4,2,1,187,4.7,1,26.6,0
1,1,0,189,23.1,1,27.9,0
1,1,0,134,32.6,1,34.8,0
0,2,1,125,32.3,1,22.0,0
2,2,0,175,65.7,1,32.0,1
2,2,0,202,92.7,0,30.8,0
1,1,0,207,14.2,1,29.7,0
2,2,0,210,2.5,0,23.0,0
3,0,1,327,1.1,0,24.2,1
3,1,0,329,12.0,0,15.4,0
4,0,0,189,4.2,1,30.8,0
3,1,0,287,3.2,0,18.7,0
2,1,0,141,35.8,1,27.5,0
4,2,0,104,30.9,1,28.6,1
1,1,0,160,12.0,1,24.4,0
2,2,1,151,74.8,1,26.9,1
0,0,0,180,1.7,0,28.0,0
1,0,0,184,70.5,0,24.3,0
2,0,0,195,39.4,0,27.4,1
4,0,1,191,5.2,0,31.2,0
4,0,0,189,100.9,0,25.2,1
2,0,0,190,24.3,1,27.6,0
1,1,1,185,18.8,1,23.4,1
2,1,1,196,32.8,0,24.2,1
3,1,1,313,10.4,0,26.9,1
4,0,1,185,3.7,1,33.2,1
1,1,1,158,82.8,0,32.2,1
0,1,0,150,52.1,1,31.9,1
1,2,0,175,16.0,0,25.6,1
4,0,1,125,16.3,0,28.9,1
3,0,1,323,18.2,0,21.7,1
3,2,1,323,7.7,0,22.9,0
3,1,1,323,12.6,1,16.2,1
0,0,0,170,34.1,1,26.9,0
2,0,1,147,39.2,0,33.5,1
3,1,0,339,14.8,0,20.8,1
4,0,0,139,24.3,1,28.6,1
1,1,0,165,6.3,1,27.7,0
2,0,0,180,17.4,1,28.6,1
3,2,0,330,8.9,0,20.7,1
1,2,0,159,41.9,0,32.6,0
1,2,0,190,13.0,0,29.9,0
0,2,1,194,32.3,1,29.5,0
3,1,1,321,19.8,0,17.0,1
4,2,1,179,25.2,1,30.2,1
3,0,0,318,3.9,1,19.0,0
4,0,0,149,7.4,1,30.6,0
1,2,0,185,11.6,1,27.3,0
2,2,0,203,5.4,1,26.3,0
1,0,0,176,24.1,0,33.3,0
0,2,0,182,15.9,0,26.9,0
0,2,0,202,15.2,1,30.6,0
0,2,0,189,17.4,1,27.4,0
4,0,0,214,7.8,0,25.0,1
3,2,1,342,12.3,0,18.3,0
1,1,1,165,11.1,0,30.6,1
3,2,0,325,1.9,0,25.7,0
1,1,0,183,11.0,1,21.9,0
0,2,1,170,25.2,1,28.9,1
0,2,1,207,21.7,1,31.5,1
4,1,0,170,38.3,0,26.4,1
0,2,0,132,23.1,1,29.7,0
3,1,0,312,19.2,1,21.9,0
3,2,0,326,9.3,0,26.5,0
4,1,0,155,70.2,0,27.0,1
1,1,1,163,34.3,1,30.7,0
2,2,0,170,27.9,0,28.5,1
2,0,1,205,32.6,0,27.4,1
1,0,1,169,16.4,1,27.4,0
2,1,0,179,132.2,0,27.1,1
3,1,0,326,2.7,0,17.1,1
2,1,0,198,27.9,1,32.8,1
2,0,1,177,41.7,0,25.5,1
1,1,0,157,29.0,1,33.1,0
0,2,0,205,102.6,0,29.0,1
2,1,1,143,1.8,1,33.0,0
0,0,0,177,64.1,0,29.7,1
0,1,0,158,48.3,1,27.5,1
3,0,0,325,13.3,1,16.4,1
0,0,1,160,11.1,0,25.6,1
4,1,1,220,3.0,1,31.5,0
2,2,0,168,25.2,0,32.6,0
2,1,0,183,27.1,0,30.7,1
4,0,0,169,72.4,0,32.8,1
3,1,0,309,7.0,0,23.6,0
4,2,0,167,37.3,0,33.1,1
4,0,1,200,20.7,1,29.9,1
3,2,0,277,5.2,1,22.6,0
4,1,0,197,73.2,0,28.0,1
2,0,0,189,39.5,1,26.9,0
2,1,0,152,39.2,0,29.3,1
4,0,1,182,54.5,0,31.9,1
0,1,0,172,15.3,0,29.5,1
0,1,0,145,8.7,1,26.0,0
4,0,0,213,41.7,1,19.8,1
1,1,0,188,26.6,0,31.2,1
4,0,0,180,4.2,1,29.4,0
1,0,1,193,68.1,0,32.7,1
4,0,0,195,46.0,0,29.3,1
4,0,1,171,11.8,1,27.0,0
2,1,0,171,18.5,1,28.0,1
1,1,0,194,65.9,0,25.4,0
1,1,0,161,45.7,0,27.7,1
3,2,0,317,31.8,0,19.8,0
0,0,0,194,27.8,0,30.3,0
1,1,1,198,25.5,0,30.2,1
3,0,0,295,5.9,0,24.9,0
2,0,1,184,35.0,0,31.3,1
4,2,0,164,9.7,0,24.5,0
3,1,0,301,20.7,1,25.6,0
0,2,0,159,26.3,1,30.6,0
4,2,0,201,59.0,1,23.7,0
3,1,1,299,0.4,0,15.1,1
4,2,1,204,53.6,0,29.2,1
4,2,1,188,10.0,1,29.1,1
2,2,1,195,0.2,1,31.6,0
4,0,0,179,53.6,0,27.5,1
4,2,0,154,5.0,1,31.9,1
2,0,1,220,163.6,1,34.1,1
1,0,0,192,92.2,1,23.1,0
4,2,0,207,43.9,0,29.9,1
2,0,1,153,99.5,0,33.2,1
0,2,1,147,5.9,1,31.0,0
3,1,0,339,2.2,0,22.4,0
2,2,0,227,84.4,0,26.4,0
4,0,0,191,2.9,1,31.6,0
2,1,1,185,9.9,1,30.6,0
4,2,1,195,11.8,1,25.2,0
3,0,1,325,7.5,1,21.2,1
3,2,0,352,26.7,0,18.0,1
1,1,0,177,2.0,1,23.5,0
4,2,1,193,8.7,0,23.7,0
3,0,0,337,2.0,0,25.5,0
2,1,1,187,17.6,1,27.9,1
1,0,0,195,168.0,0,20.9,1
4,0,1,116,37.4,0,35.0,1
3,2,0,313,14.4,0,21.7,1
4,0,1,186,30.3,1,23.6,1
3,2,1,302,1.7,1,23.9,1
2,2,0,166,91.7,1,30.9,0
0,1,0,166,3.2,1,32.2,0
4,1,1,241,31.1,1,35.9,1
1,1,0,147,10.8,1,25.9,0
1,1,1,183,90.4,1,30.0,1
4,0,1,201,50.0,0,33.3,1
4,1,0,170,1.1,0,29.3,0
2,2,1,192,1.8,0,41.7,0
3,0,1,288,0.6,1,20.1,1
0,2,0,210,17.4,1,26.3,1
0,0,0,197,92.6,0,34.5,1
4,0,1,218,9.3,0,28.5,1
2,1,1,177,33.1,1,28.8,1
1,1,1,188,11.4,0,29.9,0
3,1,1,337,55.4,0,25.4,1
2,0,0,180,146.6,1,28.8,0
3,2,0,326,2.0,1,17.6,0
1,2,0,231,48.7,1,26.7,0
2,0,0,207,10.0,1,27.6,0
1,2,0,164,20.3,1,26.9,0
4,0,1,169,23.3,0,29.4,1
1,1,0,199,30.7,1,32.8,0
2,2,0,157,72.2,0,28.7,1
1,1,0,176,30.1,1,28.3,1
4,1,0,183,47.0,0,25.6,1
3,2,0,285,33.4,1,22.7,0
0,2,1,132,1.8,0,25.0,0
4,2,0,190,79.8,1,25.2,1
2,0,1,150,63.0,0,28.7,1
2,1,0,185,50.2,1,24.2,1
2,1,1,176,32.2,1,25.3,1
2,1,1,223,2.5,1,29.7,1
2,2,1,165,15.3,1,28.8,1
3,0,0,351,9.1,0,19.9,1
3,2,0,321,14.9,0,16.4,1
2,2,1,188,95.3,1,27.1,1
0,2,0,174,53.1,0,27.7,1
4,2,1,210,19.8,1,28.5,0
1,1,0,136,81.1,0,29.3,0
2,1,0,217,14.9,1,25.6,0
0,1,1,181,37.7,0,26.8,1
0,0,0,147,12.8,1,30.0,0
3,1,0,349,27.4,0,19.6,1
0,0,1,151,9.3,0,29.2,0
4,2,0,192,91.3,0,26.7,1
2,0,0,190,102.7,1,30.4,1
1,0,0,240,48.7,0,32.6,1
3,0,1,308,3.1,1,23.0,0
3,1,0,333,0.6,0,18.7,0
2,2,0,149,29.7,1,28.4,0
3,0,0,303,6.3,1,17.0,0
3,1,0,301,12.3,0,22.8,0
3,2,0,310,3.3,1,16.7,0
0,1,0,192,15.6,1,25.6,0
1,0,1,202,70.4,0,34.4,1
1,2,0,134,29.1,1,25.3,1
4,2,1,185,52.9,0,32.5,1
0,0,0,193,53.1,1,24.1,0
3,2,0,310,13.5,0,23.7,0
1,1,0,202,9.0,1,25.3,0
4,0,1,199,8.4,0,23.6,0
2,0,1,189,18.5,0,23.7,1
1,0,0,181,19.5,1,27.0,0
2,1,1,184,29.0,1,31.3,1
4,1,0,189,5.7,1,29.1,0
4,0,0,189,30.5,0,31.9,1
2,0,1,210,0.6,1,34.1,0
4,2,0,158,3.5,1,26.7,0
1,0,0,218,53.0,0,25.7,1
2,0,0,213,17.0,1,28.8,0
2,0,0,151,3.0,1,27.8,0
2,0,0,130,22.7,0,26.6,1
3,1,0,300,16.1,1,25.3,1
3,0,0,313,62.8,0,25.0,0
4,0,0,232,66.4,0,24.4,1
1,1,0,243,27.3,0,25.8,1
2,2,0,196,60.0,0,23.6,1
3,1,1,297,26.9,0,21.4,1
3,0,1,306,34.1,0,24.5,1
0,0,1,154,39.4,0,32.3,0
1,2,0,215,13.4,1,28.9,0
0,1,0,179,3.9,0,25.5,0
4,2,0,217,21.4,1,33.2,0
0,1,1,172,7.0,0,26.7,0
1,1,1,159,39.4,0,26.2,1
1,0,0,160,4.3,0,27.1,0
3,2,1,298,2.3,1,21.9,0
2,2,0,192,13.5,1,36.3,0
2,1,0,192,11.4,1,30.0,0
1,1,1,193,1.4,1,25.2,0
4,1,1,214,105.2,0,27.7,0
4,2,0,131,33.0,0,31.0,1
1,2,0,220,82.6,1,27.1,1
2,2,0,208,28.3,1,26.0,0
0,2,0,193,27.3,1,27.7,1
0,0,0,190,54.2,0,29.5,0
2,2,0,190,9.8,1,25.8,0
4,0,0,207,5.5,1,26.7,0
4,2,0,167,87.3,1,26.9,0
0,0,0,202,21.2,1,21.9,0
0,0,1,199,6.4,0,31.9,0
4,2,0,204,6.5,0,23.8,0
0,0,0,181,115.5,0,29.7,1
4,0,0,148,31.0,0,29.8,1
3,2,0,349,22.3,0,24.8,1
4,0,0,196,0.6,0,33.1,0
3,2,0,304,2.4,1,21.1,0
2,1,0,183,5.1,1,28.0,0
3,2,1,347,7.9,0,17.5,0
2,1,0,177,28.2,1,23.7,1
2,2,0,210,29.0,0,25.8,0
4,0,1,197,23.4,0,33.1,1
4,0,1,166,18.8,1,24.6,1
4,2,0,157,34.4,1,27.8,1
4,2,1,185,77.5,0,31.8,1
2,0,1,183,7.0,0,30.9,1
1,1,0,220,2.4,1,33.9,0
1,1,0,162,17.9,1,24.8,1
0,0,1,237,38.1,0,22.8,0
1,0,1,196,1.8,0,26.7,0
4,2,0,231,9.6,1,28.0,0
1,1,0,193,12.7,1,28.7,0
0,2,1,155,39.0,1,27.0,1
1,2,0,162,36.3,1,21.8,1
2,2,0,192,13.7,1,29.9,1
2,1,0,173,58.6,0,29.6,1
2,1,0,162,85.0,0,31.1,0
0,2,0,184,4.5,0,35.7,0
4,1,0,186,9.4,1,26.0,0
2,2,0,205,39.6,0,31.1,0
4,2,1,209,16.9,0,27.7,0
4,0,0,182,32.4,1,34.3,0
2,2,0,191,41.8,0,31.3,0
3,2,0,298,0.9,0,17.4,0
2,1,1,204,17.5,0,25.4,1
0,0,1,144,14.8,1,23.4,0
4,2,0,151,142.1,0,28.1,1
0,1,0,214,7.6,1,26.7,0
0,2,0,201,25.2,0,25.1,1
0,0,0,160,69.3,0,37.3,1
1,2,1,194,44.9,0,29.3,1
3,0,0,348,15.2,0,16.6,1
1,2,1,199,3.0,1,23.0,0
2,2,1,187,39.0,0,29.5,1
3,2,1,332,3.9,1,15.4,0
0,1,0,155,0.2,1,32.6,0
2,1,0,153,9.3,0,25.2,0
0,2,0,157,132.8,1,21.0,0
1,1,1,211,177.8,0,24.6,1
2,2,0,192,27.5,0,26.4,0
2,0,1,186,0.5,1,27.2,0
1,2,0,182,73.8,1,36.7,0
2,1,0,180,55.7,1,21.1,0
4,1,0,148,1.4,0,21.7,0
3,2,0,331,1.8,1,20.6,0
4,1,1,215,20.9,1,32.8,1
1,2,1,174,13.2,1,26.2,0
1,1,1,140,19.4,1,29.1,1
2,0,0,200,7.5,1,31.4,0
3,1,1,345,0.3,1,17.7,0
1,0,0,164,2.9,0,23.2,0
0,0,1,144,58.6,0,26.0,1
1,1,0,187,75.5,0,33.8,1
1,1,0,173,16.3,1,30.1,1
1,2,1,203,1.8,0,28.9,0
4,2,1,176,14.7,1,30.8,1
4,2,0,183,50.3,1,31.0,1
2,0,1,209,99.1,0,26.1,1
4,1,0,176,39.2,0,26.0,1
3,1,0,331,9.5,0,18.8,1
1,0,0,157,79.9,0,18.9,0
1,1,0,164,0.8,1,27.6,0
0,1,0,196,97.7,0,29.5,1
3,1,0,344,0.9,1,17.0,0
3,2,0,299,9.7,0,19.3,1
4,2,0,214,11.2,1,24.2,0
4,0,0,169,25.5,1,25.5,0
1,0,0,181,10.5,0,30.7,0
0,2,0,242,32.1,0,32.4,1
0,1,1,181,31.4,0,28.4,1
0,2,0,140,5.1,1,25.7,0
3,0,0,343,16.6,1,21.1,1
3,2,0,343,0.4,0,18.4,0
1,1,0,177,3.1,1,34.0,0
4,0,0,112,2.7,0,25.8,0
1,2,0,169,139.1,0,31.9,1
0,1,0,189,100.7,0,34.1,1
4,1,0,170,37.1,0,31.2,1
3,0,0,351,4.0,1,23.4,0
2,1,1,155,90.5,0,24.0,1
0,0,0,175,8.7,1,26.5,0
3,1,0,317,11.1,0,22.2,0
1,1,0,185,50.9,0,24.5,0
4,2,1,156,13.0,0,29.1,0
3,2,0,331,7.7,0,18.9,0
4,2,0,150,146.2,0,27.6,1
4,2,0,170,1.2,1,28.2,0
0,0,0,174,61.9,0,30.7,0
4,2,1,152,97.4,0,33.0,1
0,0,1,194,47.0,0,25.9,1
2,1,0,210,20.0,1,26.3,1
2,1,0,208,17.5,1,25.3,0
3,1,1,304,5.5,1,18.1,1
2,2,1,224,0.6,0,30.8,0
3,0,0,289,32.6,0,22.6,0
2,2,0,186,30.5,1,29.7,0
3,1,0,304,9.6,0,20.9,0
1,2,0,158,24.5,1,22.3,0
4,1,0,225,126.8,0,28.4,1
4,2,1,146,77.6,0,27.8,1
3,2,0,345,1.0,0,23.0,1
3,0,1,283,9.9,0,19.9,1
4,2,0,120,76.4,1,26.3,1
4,2,0,204,10.7,1,28.4,0
0,0,1,197,60.1,0,33.7,1
0,2,0,225,17.5,0,27.2,1
0,0,0,184,29.6,1,29.5,0
0,0,0,228,48.3,0,29.2,0
2,2,0,150,132.7,1,26.8,0
4,0,0,172,3.3,1,25.9,0
2,2,0,184,55.7,0,20.7,1
4,0,1,166,7.2,0,26.6,0
2,1,1,170,20.9,1,29.8,0
3,1,0,330,15.2,0,16.3,0
1,0,0,202,13.7,1,29.7,0
3,0,0,317,5.2,0,19.4,0
4,1,0,182,52.9,0,33.6,1
0,2,1,198,3.2,1,33.4,1
4,1,0,220,59.0,0,24.9,1
2,1,1,142,10.3,1,27.7,1
0,1,1,151,70.4,1,28.1,1
3,0,0,302,3.7,0,25.1,1
4,2,0,166,35.3,1,25.7,0
1,2,1,152,69.4,1,27.4,0
4,2,1,197,32.9,1,24.0,1
4,2,0,201,76.9,0,21.7,1
1,2,0,178,13.0,0,22.5,0
0,1,0,152,92.0,1,27.6,0
2,1,1,194,4.2,1,30.4,0
4,0,0,222,1.2,1,19.3,0
2,2,0,168,243.5,0,22.3,1
2,1,1,120,3.9,1,35.1,0
4,0,0,164,10.5,1,26.6,0
1,0,1,164,46.6,0,29.2,1
2,2,1,157,93.4,0,24.6,1
2,0,1,213,4.8,1,32.6,0
0,2,0,177,61.3,1,26.7,1
4,0,0,199,35.9,0,27.8,1
0,2,1,171,15.4,1,20.2,0
3,1,0,327,0.5,0,18.5,0
4,2,0,189,24.3,1,30.1,1
0,2,0,228,14.2,0,25.9,0
4,1,0,191,30.6,1,35.9,0
3,0,0,322,22.0,0,19.1,1
4,0,0,178,10.6,1,29.7,0
4,0,1,152,41.4,0,31.4,1
2,0,0,126,13.9,1,28.6,0
4,1,0,206,39.1,0,29.9,0
3,0,0,310,36.9,0,20.8,0
2,1,0,179,0.5,1,25.8,0
3,2,0,308,13.8,0,19.6,0
2,2,1,138,73.8,0,27.0,1
1,0,0,186,40.3,0,22.8,1
3,2,0,316,19.1,0,18.3,1
2,0,0,213,27.0,1,23.6,0
4,1,0,190,5.3,1,18.3,0
1,1,0,153,4.9,1,30.5,0
0,2,1,174,23.5,0,32.6,1
4,0,0,197,106.9,0,27.7,1
3,1,0,324,15.3,0,23.2,0
4,2,0,154,60.6,0,29.3,1
2,1,0,173,60.0,1,29.5,1
3,2,1,349,1.8,1,21.0,0
0,1,0,196,8.0,0,25.7,1
1,1,0,226,82.8,0,28.5,1
1,0,0,211,54.0,0,31.1,1
4,1,0,184,15.7,1,28.1,0
2,0,0,204,14.8,1,29.3,0
3,0,1,326,2.0,1,20.4,1
3,1,0,279,2.3,1,19.0,0
0,2,1,173,50.3,0,31.6,1
1,2,0,174,19.2,1,28.0,0
2,0,0,188,8.3,0,32.4,0
4,0,0,195,38.7,0,26.6,1
1,0,0,129,29.2,1,18.1,0
1,1,0,145,21.8,0,27.9,0
1,2,1,199,21.3,0,28.9,0
4,0,0,173,22.1,1,27.6,0
1,1,0,171,67.6,0,27.7,1
2,2,0,191,0.2,1,27.9,0
0,1,0,145,26.7,1,26.4,0
4,2,0,174,3.8,1,30.3,0
1,1,1,187,36.8,1,27.8,1
4,2,0,186,5.0,0,30.8,0
2,1,0,210,14.6,0,31.9,0
1,1,1,168,106.5,0,30.7,1
0,2,0,180,94.2,0,27.0,1
4,0,1,201,38.5,0,30.0,1
1,1,0,183,68.8,0,32.6,1
0,2,0,191,10.8,0,33.1,1
3,0,1,333,24.2,0,18.5,1
1,0,1,174,72.7,0,26.6,1
1,0,1,187,3.6,0,30.1,0
1,1,0,186,4.8,1,31.6,0
1,0,1,180,59.0,1,24.6,1
0,1,0,206,23.8,1,26.9,0
0,2,0,196,45.3,1,28.5,0
4,1,0,173,104.4,0,26.6,1
4,1,0,178,27.5,1,27.5,0
0,0,1,145,9.8,1,25.5,0
1,0,1,178,52.3,0,26.8,1
4,1,0,213,40.2,0,27.5,1
2,2,0,183,9.3,0,21.9,1
2,0,0,179,21.2,0,31.0,0
2,1,0,194,24.9,0,30.2,1
2,0,0,174,13.2,1,28.9,0
1,1,0,176,15.7,0,32.9,0
4,1,0,114,34.3,1,36.9,0
3,2,0,306,21.7,0,22.2,1
1,2,0,178,18.3,1,22.1,1
1,1,0,166,63.4,0,28.5,1
2,0,0,181,24.2,0,34.3,1
0,1,0,174,3.4,0,26.7,1
2,1,0,195,8.2,0,26.3,0
4,1,0,201,91.4,0,25.3,1
3,1,1,298,32.2,0,23.4,1
1,0,1,150,58.0,0,21.9,1
4,1,1,174,24.5,1,25.9,1
3,2,0,299,5.9,1,15.5,0
1,1,1,113,6.5,0,28.0,1
3,0,0,309,0.2,0,18.0,0
3,0,1,358,2.5,0,13.0,0
3,1,1,334,33.9,1,20.1,1
4,0,1,214,66.3,0,33.6,1
2,0,1,188,70.8,0,23.1,0
1,0,0,193,13.5,1,27.6,0
3,1,0,301,18.3,0,24.4,1
0,1,0,128,16.0,1,24.7,0
0,0,0,150,11.4,1,31.1,0
4,1,0,182,24.9,1,26.8,0
1,0,1,158,1.9,0,19.6,0
3,2,0,349,27.7,1,19.6,1
3,2,0,329,24.3,0,22.4,1
1,0,1,190,20.7,1,26.1,0
1,0,0,191,82.8,0,26.6,0
1,2,0,162,86.7,0,28.0,1
2,0,0,198,120.3,1,29.9,0
3,2,0,314,11.9,0,16.2,0
4,2,0,175,48.5,0,25.2,0
2,2,1,223,55.7,0,20.6,0
2,1,0,206,8.2,0,25.0,0
0,2,0,198,50.2,0,27.3,0
2,2,0,157,45.8,0,28.7,0
1,1,1,178,2.7,1,22.1,0
0,1,0,136,0.7,1,28.8,1
4,1,1,152,11.9,1,34.9,1
1,0,0,243,2.3,1,27.9,0
3,1,1,334,35.5,0,22.1,1
4,2,0,205,36.5,1,29.8,0
1,0,0,220,45.5,0,28.9,1
2,2,0,196,16.9,1,28.0,0
3,0,0,292,40.6,0,19.7,1
0,2,0,163,2.9,1,30.1,1
3,2,1,322,23.1,1,21.3,1
0,1,1,140,65.3,1,28.2,0
2,1,0,195,7.2,0,25.8,0
3,2,0,339,3.2,0,19.9,0
1,2,1,179,2.2,1,31.9,0
0,0,1,179,3.2,1,21.9,0
1,1,0,186,30.8,0,20.7,0
2,0,0,160,7.1,1,24.1,0
3,1,1,278,6.5,0,24.3,1
3,0,0,329,3.8,0,21.7,0
0,2,1,170,38.7,0,28.7,1
0,0,0,174,12.6,1,33.0,0
2,2,0,186,30.5,1,27.5,0
3,2,0,286,20.5,1,20.5,0
2,1,0,184,26.5,1,26.5,0
1,2,0,233,52.9,1,29.2,0
1,1,1,225,18.6,0,29.8,1
1,0,0,196,31.0,0,27.1,0
2,2,0,172,18.5,1,29.8,0
0,1,0,173,18.4,1,23.2,0
2,1,0,183,28.7,1,27.2,0
4,0,1,160,47.8,0,32.1,1
0,1,1,228,25.9,1,32.5,1
0,0,1,180,26.4,1,26.7,1
4,2,0,194,18.8,0,30.0,1
1,1,1,208,12.2,1,26.2,0
3,2,0,346,31.9,0,20.5,1
4,0,0,201,68.1,0,29.9,1
4,0,1,187,1.3,1,29.7,0
4,0,1,175,8.9,1,32.8,1
3,0,0,341,7.8,1,21.6,0
3,2,1,287,9.8,0,18.9,1
3,0,0,305,10.9,1,20.8,1
1,0,0,202,33.0,0,37.5,1
4,1,0,211,6.0,0,29.5,0
1,1,0,217,32.0,0,20.5,1
0,1,1,184,61.2,0,32.1,1
0,0,0,164,26.2,0,27.0,1
1,2,0,194,110.9,1,29.8,0
1,0,0,183,57.7,0,26.5,1
3,1,1,345,19.3,1,22.2,0
1,1,0,153,114.6,0,28.2,0
4,1,1,170,33.8,0,24.4,0
4,1,0,146,32.0,0,20.4,1
0,2,1,144,84.1,0,30.8,1
0,2,1,162,44.0,0,25.8,1
0,0,0,185,14.6,1,25.5,0
1,1,0,160,51.0,0,31.1,1
2,1,1,155,25.0,1,26.6,0
1,2,1,154,4.3,1,27.9,0
0,2,1,188,50.4,1,31.4,1
3,0,1,335,0.9,0,20.3,0
4,2,0,199,26.5,0,32.0,0
2,0,1,183,37.4,0,31.6,1
1,1,1,149,1.9,1,28.1,1
3,0,0,304,10.8,0,24.2,1
0,0,1,191,126.9,1,25.3,1
2,2,0,187,18.7,0,30.9,1
0,2,0,174,41.1,1,31.6,0
3,1,0,317,9.5,0,19.0,0
0,1,0,182,44.7,0,35.2,1
0,2,1,204,56.7,0,26.7,1
3,1,0,356,20.6,0,19.8,1
2,0,0,156,14.9,1,33.4,1
3,0,0,307,2.6,0,23.6,0
0,0,0,212,28.0,1,25.4,0
0,0,0,165,145.4,0,28.0,1
0,1,0,162,69.7,1,35.4,0
4,2,1,167,36.4,0,32.6,1
0,2,1,206,26.2,1,27.9,1
1,0,0,127,21.6,0,32.3,1
4,2,0,179,5.9,0,26.1,0
3,2,0,320,2.4,0,18.6,0
0,1,1,209,19.8,1,25.5,1
4,2,0,166,3.3,1,27.1,0
0,2,0,209,1.6,0,29.1,0
3,0,1,317,13.1,0,15.1,0
3,1,0,326,2.1,1,19.0,0
0,2,1,201,4.6,1,28.5,0
1,1,0,175,13.7,1,26.9,0
1,1,0,196,22.3,1,32.1,1
0,2,0,180,2.8,0,31.5,0
3,2,0,326,8.5,0,24.7,0
0,0,1,107,33.0,1,27.9,1
3,1,0,340,5.7,1,20.9,0
1,0,1,162,24.4,0,30.3,1
4,2,1,136,24.4,1,32.7,1
0,1,0,191,27.3,0,26.4,0
1,2,0,181,4.2,1,24.1,0
2,2,0,189,3.8,0,29.7,1
2,2,1,166,12.6,1,26.7,0
0,1,0,177,0.3,1,30.1,1
0,2,0,238,71.1,0,26.1,1
3,1,1,375,2.2,0,16.3,0
2,1,1,146,10.3,1,33.7,0
4,0,1,204,18.4,0,26.1,1
4,2,0,130,79.1,0,21.3,1
1,1,1,165,49.7,0,27.0,1
1,0,0,148,24.5,1,29.8,0
0,0,1,161,36.0,0,28.3,0
2,2,0,157,19.7,0,29.2,0
3,1,1,339,0.4,1,19.0,0
2,2,0,156,13.5,1,28.9,1
0,0,0,194,37.9,0,30.7,1
0,2,1,125,9.3,0,29.0,1
0,2,0,212,15.1,1,28.1,0
2,0,0,207,28.5,1,30.4,1
4,1,0,155,44.1,1,29.9,1
3,0,1,295,15.8,0,19.7,0
2,0,0,184,12.4,1,34.8,0
0,2,0,147,40.3,0,25.5,1
1,0,0,152,3.5,1,32.2,0
4,1,0,220,58.6,0,29.4,1
2,0,0,154,22.2,1,29.3,0
2,2,1,188,19.3,1,23.8,1
4,2,0,133,7.0,0,29.5,0
4,1,1,184,26.2,1,24.0,1
1,2,0,145,8.3,0,27.4,0
4,2,0,163,35.7,0,26.6,1
2,0,0,192,10.4,1,34.2,0
4,1,0,196,71.8,1,22.7,0
0,0,0,168,81.1,0,28.4,0
3,2,1,298,4.9,0,24.1,1
0,0,1,183,0.3,0,24.1,1
0,2,0,221,19.1,1,24.8,0
3,2,0,286,10.1,1,17.9,1
0,0,1,177,24.7,1,29.9,1
1,1,1,136,32.7,1,25.0,0
4,0,0,186,60.1,0,24.9,1
1,0,0,182,28.8,1,19.9,0
2,1,0,232,10.5,0,30.5,1
2,0,1,204,15.1,1,30.4,1
0,0,0,183,6.4,0,28.1,0
3,1,0,323,8.3,1,18.2,0
4,0,1,141,29.8,1,28.9,1
4,2,1,204,88.3,0,28.0,1
1,2,1,216,12.4,1,31.1,1
3,0,0,347,5.6,1,23.3,0
2,0,0,147,60.9,0,26.1,1
0,2,0,182,16.4,0,28.5,0
2,1,1,194,64.3,1,27.1,1
0,2,0,196,64.3,0,26.8,1
4,0,1,164,45.8,0,29.0,1
3,0,0,324,8.0,1,22.2,0
2,0,1,177,34.2,0,27.0,1
0,0,0,139,6.3,1,26.5,0
3,0,0,305,1.9,0,21.5,0
2,0,1,203,22.7,1,32.3,1
4,0,0,146,36.0,0,25.0,0
4,0,0,180,95.3,0,29.2,1
0,2,1,187,28.4,1,23.7,1
1,2,0,216,29.5,1,30.8,1
2,2,1,159,40.9,0,34.1,1
0,0,1,146,1.8,0,32.7,0
3,1,0,294,7.1,0,19.0,0
2,1,1,186,28.3,1,27.9,1
4,1,0,175,95.0,0,25.0,1
3,2,0,334,2.8,1,21.7,0
3,0,0,301,0.6,0,14.7,0
3,0,0,374,13.3,1,23.4,0
1,2,0,197,70.5,1,28.4,1
2,0,0,170,68.3,0,20.7,0
2,2,1,213,20.1,1,30.5,1
3,0,0,299,6.1,1,17.9,0
4,0,0,196,8.0,0,28.5,0
0,2,0,198,10.4,0,29.6,1
0,2,0,142,25.4,0,26.7,0
4,2,0,148,18.6,1,22.6,0
3,2,0,279,6.2,0,17.4,0
4,2,1,177,18.5,0,32.3,1
2,1,1,168,70.5,0,30.0,1
0,1,0,196,25.1,0,26.2,1
4,0,1,139,0.5,1,25.5,0
3,1,0,347,16.6,0,22.5,0
4,1,0,166,18.8,1,23.3,1
3,2,0,309,6.0,0,22.7,0
0,0,0,185,23.1,1,26.5,0
3,2,0,285,18.3,1,18.3,0
0,2,0,202,3.2,1,25.9,0
2,2,0,204,51.3,0,33.6,1
4,1,0,158,2.9,1,30.0,0
0,1,1,164,60.4,1,29.7,1
0,2,0,228,8.2,0,30.9,0
4,1,1,195,14.8,0,31.9,1
2,1,0,204,5.7,0,29.7,0
4,2,0,169,11.3,0,28.3,0
1,0,1,154,82.7,0,29.5,1
0,0,1,202,7.8,0,31.6,0
3,1,0,310,12.9,0,23.5,0
4,2,0,171,8.2,1,25.9,0
3,0,1,307,30.7,0,21.9,1
3,0,0,311,13.4,1,21.5,0
3,1,0,338,3.8,1,19.1,0
2,1,0,167,61.2,0,23.1,1
2,1,0,188,66.6,1,29.0,1
1,2,1,156,43.0,0,27.6,1
2,1,0,204,17.7,0,30.2,1
0,1,0,146,103.9,0,30.6,0
0,1,0,165,29.6,1,21.1,0
1,1,1,167,32.9,1,30.4,1
4,0,0,170,3.9,1,26.4,0
0,2,1,175,30.9,1,31.8,1
4,2,0,173,30.8,1,23.3,0
0,2,1,148,23.9,1,29.5,0
1,1,1,155,11.5,1,34.0,1
0,1,1,179,4.0,0,27.6,0
3,2,0,355,7.7,1,26.8,0
2,0,1,134,4.5,1,29.2,0
0,0,0,192,13.5,0,27.2,0
4,2,1,166,43.6,0,29.8,1
2,0,0,225,97.2,0,27.8,1
2,1,0,192,56.8,0,26.3,1
3,0,0,335,0.5,0,18.3,1
0,2,0,169,96.3,0,25.9,1
3,1,0,298,5.7,0,19.1,0
4,2,1,174,51.6,0,24.8,1
0,1,1,160,3.9,1,32.8,0
4,1,1,168,10.0,0,29.5,1
0,1,1,169,0.2,0,33.2,0
4,0,0,139,84.0,0,26.7,1
2,0,0,211,21.1,1,31.0,0
4,0,0,212,56.9,1,26.3,1
3,0,1,312,2.8,0,18.5,0
3,2,1,346,14.3,0,16.3,1
4,1,1,154,1.2,0,29.6,0
1,0,0,193,4.8,1,30.0,0
3,2,0,348,1.2,0,20.0,0
1,2,1,155,0.7,1,30.3,0
4,0,0,167,19.0,1,24.4,0
1,1,0,141,12.4,1,33.5,0
3,2,0,327,2.8,0,18.8,1
2,0,0,221,33.8,1,27.2,1
1,0,0,179,21.7,1,30.5,0
3,0,0,330,16.8,1,20.9,1
1,0,1,145,13.4,0,28.8,0
2,0,1,169,0.4,1,31.6,0
3,1,1,316,0.8,0,24.3,0
0,2,0,133,11.4,1,27.0,0
2,1,0,162,62.0,0,28.5,1
3,0,0,324,1.1,1,18.6,0
0,2,0,146,57.6,0,25.0,1
4,0,0,144,0.1,0,27.2,0
2,0,0,171,6.4,1,30.5,0
3,1,0,316,18.4,0,23.5,0
4,0,0,179,19.1,0,21.9,1
2,2,0,138,31.0,0,29.0,0
0,1,1,188,20.4,1,25.6,1
0,1,0,177,114.6,1,29.0,1
2,0,0,201,12.2,0,18.5,1
1,0,1,203,25.9,1,32.1,1
4,1,0,175,13.3,0,24.7,1
4,0,0,191,5.1,1,26.3,0
2,0,1,180,6.5,0,28.5,0
1,1,0,199,11.9,0,28.6,0
1,2,0,177,65.5,0,30.8,1
4,0,0,169,20.6,1,28.1,0
0,2,0,143,30.1,0,22.1,1
3,0,0,324,13.5,1,24.0,0
3,1,1,328,1.5,1,22.1,0
2,1,0,130,11.9,0,31.0,0
3,2,1,340,4.2,0,22.9,0
4,2,0,178,6.7,0,30.1,0
1,0,0,209,12.2,0,23.5,0
2,0,0,189,55.9,0,26.3,1
3,2,1,353,0.1,1,24.3,1
0,1,0,179,48.9,1,27.6,0
0,1,1,198,73.5,0,23.4,1
0,1,0,210,0.7,1,28.0,0
3,1,0,342,3.0,0,24.6,0
2,2,0,180,76.3,0,30.3,1
4,0,0,131,91.7,0,27.9,1
4,2,1,179,4.2,1,30.0,0
3,2,0,319,43.7,0,22.9,0
2,1,0,158,10.2,1,29.9,0
1,2,0,158,43.3,0,26.5,1
3,0,1,327,4.9,0,17.5,1
4,2,0,226,10.7,0,25.0,0
0,1,1,160,29.8,1,36.6,0
0,0,0,222,24.5,0,28.1,0
1,1,1,203,65.3,0,27.4,1
4,0,1,208,45.4,1,31.7,1
2,0,1,195,19.3,0,24.0,0
3,0,1,305,1.1,0,20.4,0
1,0,0,150,3.8,0,28.1,0
1,0,0,194,15.7,0,29.7,0
0,1,0,203,6.3,1,28.2,0
4,0,0,166,10.7,1,25.5,0
4,1,0,203,15.1,1,25.4,1
4,0,0,171,4.4,0,27.9,1
1,0,1,238,15.4,0,28.6,1
3,2,0,329,8.1,0,19.2,1
3,1,0,295,13.2,1,21.2,1
3,0,0,323,4.5,0,20.2,0
1,2,0,210,30.6,0,28.4,0
1,2,1,152,56.0,1,24.4,1
4,1,0,175,25.1,1,27.2,0
1,0,0,150,88.5,0,28.0,0
4,2,0,177,9.5,1,24.7,0
3,1,1,311,7.2,1,22.5,0
4,2,0,182,5.8,1,30.9,0
4,1,0,167,13.5,1,27.8,0
3,0,0,314,21.4,1,19.5,0
3,0,0,279,2.1,0,21.9,1
1,2,0,189,4.1,0,30.7,0
1,1,0,212,20.5,1,28.2,0
2,0,1,225,0.2,1,28.1,0
3,2,0,307,13.2,1,19.5,0
4,0,0,122,69.7,1,25.3,1
2,1,1,180,11.4,1,29.0,1
1,2,1,144,14.6,1,29.1,1
2,0,1,183,7.2,1,32.9,0
3,0,0,290,2.2,1,19.0,0
4,2,0,201,52.0,0,25.2,1
3,2,0,289,2.7,0,22.6,0
3,0,0,355,6.9,1,21.6,0
0,0,0,247,11.8,1,27.8,0
0,0,0,148,71.8,0,31.1,1
1,2,0,155,203.2,0,28.6,1
1,1,0,175,44.5,0,32.4,1
4,1,1,174,19.4,1,24.2,1
1,0,0,180,59.8,0,30.2,1
0,0,1,162,7.9,1,25.6,0
3,2,1,326,5.4,1,20.5,0
4,0,0,204,44.4,0,29.6,1
0,0,1,199,48.2,0,30.3,1
0,0,1,170,3.8,1,27.7,0
4,0,0,218,25.9,0,28.4,1
1,0,1,172,10.8,1,18.1,0
2,0,0,129,36.1,0,32.6,1
4,1,0,187,30.8,1,30.0,0
0,0,0,207,10.2,1,32.1,0
1,0,0,181,31.7,0,30.5,1
2,2,0,164,35.2,1,29.9,0
3,2,1,306,3.3,0,17.9,1
2,1,0,173,11.1,0,29.0,0
4,1,0,158,9.2,1,25.7,0
2,0,0,170,39.0,0,26.6,0
4,0,0,243,64.8,0,23.1,1
3,1,1,334,34.9,0,26.5,1
2,0,0,229,54.9,0,28.0,0
0,0,0,171,14.0,1,27.8,0
4,1,0,141,60.6,0,25.2,1
2,1,0,166,3.6,1,26.8,0
2,1,1,189,14.5,0,24.4,1
1,0,1,151,9.5,1,28.1,0
4,0,0,171,44.2,1,32.1,1
2,1,0,192,4.9,1,25.9,0
2,1,0,153,5.5,0,24.6,0
4,2,1,216,14.3,0,25.2,1
3,1,1,346,20.3,1,21.2,1
4,1,0,236,55.5,1,26.0,1
0,0,0,208,0.6,1,33.1,0
0,0,0,180,48.2,0,32.2,1
3,1,0,294,5.2,1,18.5,0
3,0,0,294,11.5,0,18.8,0
2,2,0,150,82.9,0,22.7,1
4,0,1,188,41.6,0,23.8,1
2,0,0,145,32.4,1,25.7,1
2,2,0,173,2.9,1,29.1,0
3,1,1,324,21.3,0,26.9,1
3,2,1,308,11.5,0,23.2,1
1,2,0,179,29.1,1,33.4,0
4,2,0,196,16.5,1,22.0,0
2,0,0,195,230.4,0,28.2,1
0,1,0,157,0.8,1,17.4,0
3,2,0,313,3.2,0,17.5,0
3,0,1,332,12.3,1,20.1,1
4,2,1,235,18.0,1,32.6,0
2,0,1,210,60.6,0,27.1,1
2,1,0,206,9.1,0,24.7,0
1,2,0,168,1.6,1,19.9,0
4,1,0,232,5.5,0,25.0,0
3,1,0,327,5.0,1,23.5,1
0,1,1,180,15.6,1,31.1,0
0,2,0,223,17.7,0,31.9,1
1,2,1,169,3.0,0,29.0,1
4,2,0,159,62.4,0,29.9,1
1,2,1,182,46.6,0,22.8,1
4,1,0,185,11.9,0,25.3,0
4,2,0,167,9.7,1,30.1,0
3,1,0,302,7.5,1,16.8,0
0,0,1,162,0.7,1,25.5,0
0,2,0,203,6.1,0,25.6,0
1,1,1,187,14.4,0,26.0,0
4,0,0,181,54.0,1,21.7,0
0,2,0,211,0.4,1,31.4,0
0,2,0,196,15.2,1,24.5,0
1,2,0,189,5.5,0,22.0,0
3,2,0,343,8.6,0,19.2,0
0,1,0,178,14.7,0,19.7,0
0,2,1,178,15.5,1,22.5,1
3,1,0,317,6.2,0,24.4,0
1,0,1,159,89.0,0,26.2,1
2,0,1,140,31.7,1,24.3,1
4,2,1,151,85.6,0,31.6,1
4,1,0,179,24.3,0,26.5,1
1,0,0,188,25.1,1,21.1,0
4,1,0,176,17.9,1,29.0,0
0,1,0,220,17.5,1,21.7,0
2,0,0,136,5.3,1,21.8,0
3,1,0,312,29.5,0,21.6,0
1,1,0,166,37.7,0,26.9,1
1,2,1,154,17.9,0,28.2,1
3,2,1,330,34.1,1,21.0,1
1,1,1,159,22.9,1,25.4,1
3,2,0,338,7.4,1,23.3,0
4,1,0,232,4.9,1,33.3,0
3,1,1,352,8.6,1,19.4,1
3,2,1,337,18.9,0,17.7,1
3,0,0,343,10.3,1,19.0,1
0,0,0,198,5.6,1,28.5,0
1,2,0,212,149.5,0,30.3,1
2,1,0,214,21.9,1,26.7,0
4,2,0,164,3.5,1,27.7,0
0,0,0,191,1.4,1,33.1,0
3,0,1,303,3.2,1,19.8,0
1,1,0,135,10.4,1,25.8,1
0,1,0,174,73.6,1,26.3,1
1,1,0,212,39.7,0,30.5,1
3,2,0,350,13.0,0,21.6,0
0,0,1,172,45.8,1,29.6,0
1,1,0,164,18.3,1,29.2,0
2,0,0,184,2.0,1,28.2,0
4,1,0,156,17.9,1,26.4,0
3,1,1,309,8.7,0,18.5,1
1,0,0,215,46.4,0,26.5,0
4,2,1,182,7.1,0,28.5,0
1,2,1,167,44.3,0,29.0,1
4,0,0,154,28.6,1,26.7,0
1,0,0,196,3.6,1,27.1,0
1,1,0,137,71.4,0,26.3,1
1,2,0,163,22.4,1,26.9,0
4,1,1,148,10.2,0,31.4,1
3,1,0,361,5.9,0,21.4,0
3,2,1,335,3.2,0,24.5,0
1,1,0,213,32.0,0,25.3,1
1,2,0,196,22.2,1,29.7,0
2,2,0,132,12.2,0,30.2,0
0,2,0,213,4.7,1,27.6,0
1,0,0,165,14.2,0,23.6,0
2,2,1,182,50.4,1,27.0,0
3,0,1,320,0.2,0,14.7,1
4,1,0,162,85.2,1,29.6,0
0,0,1,148,78.4,0,32.5,1
4,0,0,187,50.6,0,22.8,1
2,2,1,202,18.5,1,27.7,1
4,1,1,130,10.5,0,29.0,0
2,2,0,192,47.5,1,26.8,0
4,0,0,173,4.8,1,25.8,0
2,2,1,213,37.3,0,35.3,1
0,1,0,187,13.1,0,25.3,0
2,1,1,140,12.6,0,26.0,1
1,0,0,177,14.6,1,22.8,0
1,0,0,136,0.9,1,29.6,0
0,1,1,206,0.5,1,32.8,1
1,1,0,158,7.8,0,34.8,0
0,0,0,201,28.2,0,34.7,1
4,0,0,196,25.6,1,30.3,0
1,2,0,177,55.6,0,27.8,1
2,0,0,213,61.6,0,27.3,1
0,2,0,101,25.6,0,27.5,1
2,0,0,172,20.3,1,34.8,0
1,0,0,177,66.2,1,35.9,1
0,0,0,173,92.7,1,29.3,0
2,2,0,147,12.8,0,28.3,1
0,2,0,175,24.6,1,34.2,0
1,1,1,193,13.2,1,32.5,1
1,2,0,168,39.0,0,35.9,1
3,0,0,318,19.3,0,24.4,0
1,0,0,145,24.7,0,25.1,0
0,2,0,169,63.9,1,28.9,1
4,1,1,150,78.7,0,30.6,1
0,0,1,190,60.6,0,28.6,1
0,1,0,125,19.8,1,24.8,1
2,1,0,183,56.4,0,26.1,0
0,1,1,157,33.8,0,27.4,1
2,0,0,206,53.4,0,26.3,1
2,2,0,191,9.4,1,28.9,0
3,1,0,325,7.8,0,26.5,0
4,1,1,167,54.1,1,22.6,1
0,0,0,189,30.4,0,30.4,0
3,2,1,305,16.1,1,16.3,1
3,0,0,335,8.8,0,20.9,0
3,2,1,280,11.7,1,20.0,0
3,2,1,343,5.5,1,19.7,0
3,2,1,255,72.0,0,21.9,1
4,1,1,160,14.9,0,34.7,1
4,0,0,141,24.1,1,29.5,0
3,1,1,364,8.4,0,21.2,1
3,0,0,310,10.7,1,18.9,1
3,0,0,326,21.0,1,20.6,1
3,2,0,316,16.4,0,15.7,1
4,2,1,169,83.5,0,35.7,1
1,2,0,142,5.9,0,32.2,0
0,1,0,139,16.2,0,27.1,1
4,0,0,169,19.3,1,24.3,0
1,1,0,188,5.0,1,29.4,0
0,1,0,124,10.1,1,27.3,0
2,0,0,184,13.6,0,30.1,1
3,0,1,321,16.5,0,15.2,1
0,2,0,162,50.9,1,28.2,0
4,2,0,183,13.9,1,24.4,0
0,0,0,221,42.8,0,29.1,1
3,2,0,324,7.1,1,21.6,0
4,1,1,139,55.6,0,25.1,1
1,0,0,190,2.4,0,29.5,0
1,2,1,177,8.3,1,36.3,0
2,1,0,165,16.6,1,28.7,1
1,2,0,180,206.1,0,30.5,1
4,1,0,205,12.3,1,29.4,0
2,1,1,158,16.7,1,26.0,1
3,0,0,310,3.1,1,18.3,0
3,2,0,318,0.2,0,27.8,0
3,1,0,291,35.7,0,21.9,1
1,2,0,189,71.1,0,30.0,1
2,0,0,186,92.6,1,19.5,1
0,2,0,200,81.6,1,22.7,0
3,1,0,292,4.4,1,26.1,0
0,0,1,203,6.4,1,30.7,0
0,1,0,191,61.4,1,28.6,0
4,2,1,213,20.7,1,19.7,1
1,0,1,232,5.2,0,23.4,0
0,1,0,178,8.0,0,28.3,1
3,2,1,332,10.9,0,21.3,1
0,0,0,146,65.6,0,26.1,0
3,1,0,332,25.3,0,19.3,1
3,1,0,315,2.2,1,17.1,0
4,2,0,231,4.3,1,29.7,0
1,1,1,162,105.0,0,23.6,1
1,1,0,197,6.3,1,26.4,0
0,2,0,190,33.0,1,30.1,1
2,2,0,219,1.6,1,22.8,0
2,1,1,176,0.5,1,31.8,0
1,0,0,179,1.6,0,21.6,0
0,0,0,199,4.4,1,23.5,0
0,1,1,202,57.5,0,23.8,1
1,0,1,205,3.1,0,31.4,1
4,1,0,164,59.9,0,32.0,1
0,1,0,210,3.6,1,25.5,0
2,1,0,167,6.4,0,28.7,0
3,0,0,293,3.5,1,18.7,0
4,0,0,174,2.0,1,18.2,0
1,1,0,153,3.9,1,26.2,0
2,0,0,193,29.9,1,28.0,0
3,1,0,322,9.6,0,25.3,1
1,1,1,180,16.4,1,25.6,0
4,2,0,181,28.5,1,33.6,0
3,0,1,345,2.6,0,20.2,0
1,1,1,201,10.0,1,31.1,0
3,0,0,316,11.0,0,18.8,0
2,0,1,211,5.8,0,22.5,1
2,2,0,244,54.6,0,29.5,1
4,0,0,208,9.1,0,27.0,0
0,2,0,196,2.2,0,35.9,0
1,1,1,179,18.7,0,27.0,0
0,1,0,197,19.1,1,22.1,1
3,1,0,322,29.1,1,20.9,0
2,2,1,188,7.3,0,22.2,0
0,2,0,209,37.9,0,26.8,0
1,2,1,151,85.4,0,26.5,1
0,1,0,171,42.6,0,30.5,1
4,0,0,194,4.9,1,29.0,0
4,2,0,178,71.5,0,32.2,0
4,2,1,199,27.7,1,28.6,1
2,2,0,189,177.0,0,30.8,1
1,0,0,192,17.8,1,28.7,0
3,0,0,366,1.9,0,16.8,0
2,2,0,178,3.1,0,27.1,0
3,2,1,313,1.6,1,22.5,0
0,0,0,150,0.8,0,26.9,0
1,2,0,125,10.2,1,23.0,0
0,1,1,183,8.8,0,26.5,1
1,2,0,187,115.9,0,27.7,1
1,2,0,185,194.5,0,27.2,1
0,0,1,200,28.7,1,27.2,1
4,2,1,177,22.3,0,27.0,1
4,1,0,176,121.9,0,26.6,1
2,2,0,181,22.0,1,31.3,0
3,0,0,312,32.9,1,24.7,1
4,2,0,172,76.9,0,28.3,1
3,1,0,340,16.3,1,20.2,0
3,0,0,325,51.2,1,22.9,0
0,1,1,127,69.4,1,26.5,1
3,2,0,343,4.4,1,20.1,0
4,0,0,201,0.4,1,28.6,0
0,0,0,149,34.1,0,34.4,1
1,1,0,187,36.0,0,28.2,1
0,0,0,141,9.5,1,24.4,0
0,1,0,169,34.0,0,26.3,1
3,0,0,334,3.1,0,20.9,0
1,1,0,139,4.5,1,26.6,0
3,1,1,311,13.2,0,16.3,1
0,0,0,185,18.7,1,28.5,0
2,1,0,214,32.9,0,27.0,1
2,2,0,206,21.7,0,28.3,1
4,0,0,147,51.9,0,26.9,1
0,2,1,188,0.9,1,27.6,0
4,1,0,201,20.2,1,22.6,0
2,0,0,177,5.7,0,28.7,0
2,0,0,191,78.1,0,25.1,1
1,2,0,183,8.9,1,26.2,0
4,2,1,158,62.9,0,24.2,1
1,1,0,154,0.8,0,28.4,0
3,2,0,332,4.2,0,23.4,1
0,1,1,158,35.8,1,29.3,0
4,0,0,202,5.6,1,32.9,0
2,0,0,188,6.3,1,30.0,0
2,1,1,139,6.5,1,22.6,0
3,2,1,325,6.0,0,20.3,1
2,2,1,183,31.2,1,28.8,1
2,1,1,139,5.2,0,29.3,0
1,1,0,169,7.4,1,25.7,0
1,1,0,194,40.8,0,33.0,1
3,0,1,319,0.1,0,21.3,0
4,1,1,200,40.8,0,25.3,1
0,2,0,174,64.0,0,31.4,1
0,2,1,203,3.7,1,25.7,0
4,2,1,213,26.4,1,25.7,1
2,1,1,160,39.2,0,27.1,1
3,0,1,346,8.5,0,20.6,0
3,1,1,328,3.0,0,15.5,0
2,0,0,165,61.3,0,32.9,1
0,0,0,147,9.2,1,32.9,0
0,2,0,142,39.0,0,32.0,1
1,1,1,157,32.9,1,30.0,1
3,0,0,341,10.3,0,14.7,1
3,2,0,317,33.8,0,25.8,1
2,1,0,179,4.1,1,29.9,0
0,2,0,206,15.4,0,28.1,0
1,0,0,175,17.7,0,30.1,0
3,0,1,328,0.2,0,23.5,1
0,1,1,226,124.4,0,29.9,1
1,0,0,244,43.1,1,28.6,1
1,1,0,125,24.9,1,23.0,0
0,2,0,200,39.8,0,30.1,1
1,2,1,141,71.3,0,26.1,1
4,1,0,156,49.1,0,28.0,1
2,2,0,182,12.8,1,30.2,0
1,2,0,181,9.8,0,34.0,0
2,0,1,174,58.4,1,21.0,1
1,0,1,186,4.8,0,27.4,1
2,0,1,194,4.8,0,28.6,0
3,1,0,306,0.5,1,24.2,0
0,2,0,191,29.8,1,32.6,1
0,1,0,190,51.1,1,30.8,1
2,1,0,173,18.1,0,25.4,0
1,2,0,186,105.1,1,31.1,1
3,2,1,344,18.3,0,22.6,1
3,0,1,311,28.3,0,19.4,1
2,0,0,163,76.3,0,27.2,1
4,0,1,188,3.6,1,26.3,0
4,0,1,176,14.3,1,28.9,0
2,2,0,179,3.9,0,24.1,1
1,0,1,206,4.4,1,29.0,0
0,0,0,185,10.2,0,26.3,1
4,2,0,192,28.9,0,26.3,1
3,2,0,266,14.8,1,17.1,0
4,1,0,192,13.0,1,33.0,1
4,1,1,218,30.6,1,26.5,1
1,0,0,188,20.8,1,31.2,0
2,2,1,215,116.8,0,28.2,1
1,1,0,208,39.7,0,28.5,1
3,0,0,338,12.9,0,23.7,1
0,0,1,194,20.9,1,33.5,1
1,1,1,162,11.4,1,31.4,0
4,2,0,204,119.3,0,31.7,0
3,2,0,291,17.0,0,22.1,0
2,2,0,172,9.7,0,28.9,0
1,1,1,180,26.7,0,28.1,1
0,1,0,203,38.9,1,28.8,1
3,2,1,332,25.5,1,20.0,1
4,1,0,196,84.5,0,30.6,1
4,0,1,181,34.8,1,27.4,1
4,1,0,171,35.3,1,32.7,1
3,0,0,360,11.0,0,18.6,1
0,2,1,173,22.9,1,22.4,0
2,2,1,160,42.3,1,34.1,1
4,1,0,191,75.4,0,30.5,1
2,2,0,141,46.4,0,29.4,1
3,1,0,319,3.3,1,19.8,0
4,1,0,182,42.7,1,33.4,0
3,2,0,309,3.8,0,24.0,0
1,0,0,168,3.2,1,31.2,0
3,2,0,325,27.4,1,17.9,0
3,0,0,335,24.8,0,17.6,0
0,1,0,178,11.3,0,30.9,1
3,2,0,348,3.9,0,15.8,0
3,2,0,327,4.6,1,20.5,0
4,0,1,199,19.6,1,28.2,1
2,0,1,198,65.8,0,26.8,1
2,0,0,175,30.1,1,25.6,0
2,1,0,190,20.8,0,33.5,1
0,2,0,178,54.0,1,27.5,1
1,0,0,216,175.7,0,30.5,1
1,2,1,200,25.0,1,30.9,1
1,2,0,226,93.4,0,31.5,1
1,1,0,142,22.7,1,26.3,0
1,0,1,182,28.2,0,26.5,1
2,0,0,177,10.2,1,25.4,0
2,0,0,195,14.8,0,29.4,0
1,2,0,175,40.6,0,24.6,1
2,0,1,184,79.1,0,29.3,1
2,1,1,162,21.2,1,32.3,0
1,2,0,223,8.1,1,34.1,0
0,1,0,191,3.7,1,32.3,0
1,0,0,150,110.6,1,27.4,0
0,0,1,163,25.6,1,24.2,0
1,1,0,191,16.6,0,32.3,1
1,1,0,209,63.6,0,22.5,1
1,2,0,185,65.6,0,32.7,1
4,0,1,185,60.2,0,30.2,1
0,1,0,178,90.2,1,32.2,1
4,0,1,185,44.3,0,29.1,1
2,2,1,152,0.2,1,27.9,0
0,1,0,217,23.3,0,27.7,1
0,0,0,186,4.1,0,28.2,0
3,1,0,351,0.5,1,21.5,0
0,0,0,175,122.8,0,27.2,0
4,0,0,152,29.7,1,32.1,1
0,0,0,171,52.5,0,28.8,1
1,2,0,154,17.3,1,32.3,0
2,2,0,197,36.3,1,24.9,1
1,1,0,132,156.0,0,22.7,1
1,2,0,159,16.9,1,28.7,0
2,1,1,181,111.5,0,21.8,1
1,2,0,208,8.5,1,24.0,0
4,2,1,191,5.3,1,27.8,1
3,1,0,340,0.6,0,24.9,1
3,0,0,349,2.0,1,21.0,0
2,0,1,213,5.9,1,27.5,1
0,1,1,169,13.9,1,30.2,1
2,1,1,177,52.2,0,24.0,1
0,2,0,171,50.7,1,32.5,0
2,0,0,203,0.5,1,33.2,0
1,0,0,182,40.1,0,28.3,0
0,0,1,172,30.8,1,24.7,1
1,0,0,144,27.2,0,31.4,1
1,0,1,138,17.4,1,29.6,1
2,1,0,165,133.4,0,32.4,1
4,2,0,227,25.5,1,21.2,0
1,0,1,140,108.5,0,29.4,1
1,1,0,189,85.6,0,31.9,1
1,0,1,177,21.6,1,26.1,0
3,0,1,279,1.1,1,23.5,0
4,2,1,193,53.2,0,32.1,1
0,2,0,172,8.3,0,33.6,0
0,2,0,145,2.1,1,21.2,0
1,1,0,159,17.5,0,30.4,1
4,1,1,164,5.0,0,24.1,0
3,0,0,332,19.7,0,22.4,1
1,1,1,175,10.1,0,22.7,1
2,1,0,156,157.3,1,23.1,1
4,2,0,172,21.9,1,30.7,0
4,1,1,161,108.3,0,24.0,1
4,0,0,209,1.8,1,28.4,0
3,1,0,324,13.7,1,18.5,0
3,0,0,339,10.4,1,16.7,0
2,1,0,223,53.7,0,24.9,0
4,0,0,178,4.5,1,28.2,0
4,0,0,159,56.7,1,27.2,0
3,1,0,303,17.4,1,19.0,0
2,1,0,185,23.9,0,25.4,1
3,0,0,270,5.9,1,14.9,0
0,0,1,157,84.0,0,24.6,1
3,0,0,347,23.6,1,23.3,1
1,1,0,241,2.9,0,26.2,0
4,2,1,197,58.2,0,24.8,1
1,1,1,154,6.3,0,21.8,0
1,0,0,184,90.3,0,28.7,1
1,2,1,175,26.8,1,31.6,1
2,0,0,142,32.3,1,27.7,1
3,1,1,305,25.8,0,22.4,1
2,2,0,182,89.0,0,22.9,1
3,2,0,320,14.3,0,21.8,1
4,1,0,166,48.8,0,29.1,1
2,1,1,163,32.9,1,27.9,1
1,2,0,183,43.6,0,27.2,1
0,0,1,186,91.2,1,30.0,1
3,1,0,306,11.9,0,17.7,1
3,2,0,334,16.5,1,21.5,0
4,0,0,173,3.4,1,29.5,0
0,2,0,174,2.0,1,27.2,0
3,1,1,306,2.0,1,17.8,0
4,2,0,175,15.6,1,29.3,0
4,1,0,118,6.9,1,24.6,0
4,1,0,178,41.1,0,27.3,1
1,1,0,192,108.9,0,26.1,0
0,0,0,162,28.6,0,34.5,0
4,1,1,166,13.7,1,30.3,1
4,1,0,184,191.9,0,19.2,0
3,0,0,355,2.9,0,17.0,0
3,1,1,318,1.4,0,20.3,1
4,2,0,144,40.8,1,29.0,0
1,0,0,150,20.9,0,27.5,0
4,2,0,141,18.5,1,28.3,0
2,1,0,163,112.5,0,24.1,1
3,0,1,345,6.7,0,21.4,0
0,1,1,245,83.2,0,32.6,1
3,1,1,316,1.0,1,20.1,1
0,2,0,220,23.4,1,25.7,0
0,2,1,216,58.7,1,34.6,1
0,0,1,118,33.2,0,28.0,1
4,1,1,175,33.2,1,28.9,1
2,0,0,183,14.5,1,32.7,0
2,0,0,166,11.6,1,25.1,1
3,2,0,330,10.3,0,23.7,0
4,0,0,172,221.2,0,30.6,1
4,1,0,186,29.4,1,24.3,0
0,0,0,214,6.1,1,31.0,0
0,1,1,208,2.8,1,27.4,0
0,2,0,185,62.5,0,33.2,0
0,1,0,247,33.5,1,25.7,0
1,1,1,170,29.2,1,26.6,1
4,0,0,156,29.0,1,25.1,0
3,1,0,288,25.9,0,19.7,1
4,0,0,153,10.6,1,23.8,0
1,2,1,227,107.4,1,24.6,1
0,2,1,190,5.7,1,24.7,0
2,1,0,216,17.0,0,24.8,0
1,2,0,198,3.2,1,25.5,0
4,0,0,172,135.4,0,26.2,1
3,2,0,318,14.5,0,17.1,1
2,1,1,159,7.5,1,33.7,1
3,2,1,316,7.4,0,19.8,1
4,2,0,210,0.6,1,28.8,0
0,0,0,163,22.8,1,27.1,0
3,1,1,331,0.5,0,17.6,0
0,1,0,186,42.5,0,23.7,1
1,1,0,202,39.7,0,24.5,1
2,0,0,127,108.3,0,26.7,1
1,1,0,204,10.7,0,30.8,1
1,1,0,175,86.2,0,27.5,1
2,1,0,184,83.5,0,32.9,1
1,1,1,193,54.7,0,30.7,1
2,2,0,203,70.9,1,21.4,1
0,2,0,179,12.8,1,28.9,0
4,1,0,191,15.4,1,25.7,1
0,2,0,185,64.2,0,30.5,0
1,2,0,178,13.2,1,26.2,0
0,0,1,186,20.2,0,28.6,1
2,1,0,211,0.9,1,27.1,0
0,0,1,171,5.6,1,27.2,0
2,2,0,187,23.1,1,23.8,0
2,2,1,147,7.1,0,26.7,1
2,2,0,187,19.8,1,28.1,0
1,2,0,227,19.1,1,29.4,0
4,0,0,188,110.0,1,22.6,1
2,0,0,154,27.9,0,28.3,1
4,0,0,167,29.5,1,31.1,0
0,0,0,202,6.8,1,24.4,1
4,0,1,167,9.0,0,29.1,1
0,2,0,202,11.5,1,32.0,0
1,1,0,132,13.8,1,27.8,0
2,1,1,218,67.9,0,26.2,1
4,1,1,177,39.8,0,27.3,1
2,1,0,181,81.0,0,18.2,0
3,0,0,299,5.8,0,18.4,0
3,0,1,344,9.2,1,26.3,0
0,1,0,212,3.1,0,30.3,0
2,0,0,149,34.5,0,29.4,1
0,0,1,217,16.2,1,29.0,1
3,2,0,355,17.5,1,22.8,0
3,0,0,333,2.8,0,23.9,0
2,2,1,131,11.7,1,27.2,0
2,2,0,166,8.0,1,29.4,0
0,2,0,119,112.6,0,29.6,1
0,0,0,188,49.2,0,28.7,0
4,1,0,169,53.7,0,29.6,0
4,2,0,189,26.1,0,34.4,0
2,0,0,157,14.9,0,32.1,1
3,0,0,270,96.2,0,26.8,1
0,0,0,184,7.5,1,31.5,1
2,1,1,156,8.5,0,28.7,1
2,0,1,166,20.6,1,25.4,1
3,1,0,348,3.1,1,18.3,0
3,1,0,330,13.9,0,21.6,1
3,2,0,311,8.5,0,19.5,0
0,1,1,210,4.6,1,31.6,1
2,1,1,138,12.6,1,22.8,1
1,2,1,167,22.2,1,31.1,1
0,0,0,200,28.2,1,34.1,1
4,0,1,192,1.9,0,29.0,0
2,1,0,209,28.4,1,22.1,0
1,2,0,181,27.0,1,30.6,1
2,1,1,157,5.0,0,29.6,0
1,1,0,169,88.6,1,22.8,1
2,2,0,167,22.4,1,26.1,1
4,2,0,159,75.9,0,24.2,1
1,0,1,212,162.1,0,28.5,1
0,0,0,188,21.2,1,31.8,0
3,2,0,312,33.0,1,21.1,0
4,2,1,158,39.2,0,25.5,1
2,1,0,145,24.2,1,23.8,0
4,1,0,208,28.5,1,35.8,0
2,2,1,195,40.7,0,23.0,1
1,1,0,173,125.5,0,26.3,1
4,1,0,189,66.3,1,27.4,1
4,1,0,187,12.0,1,28.2,0
3,0,1,328,1.1,1,17.8,0
4,2,1,227,49.6,0,22.3,1
0,2,1,152,53.9,0,27.0,1
2,2,1,150,25.0,1,26.8,1
0,0,0,159,84.1,1,30.1,1
1,2,0,185,37.1,0,25.8,1
3,0,1,301,3.2,0,18.5,0
3,0,0,346,17.9,1,20.9,1
0,1,0,184,49.8,0,25.2,1
3,1,1,325,33.3,0,21.6,1
2,0,1,146,10.6,0,24.9,0
4,2,1,153,10.2,1,30.9,0
3,0,1,336,19.8,1,21.5,1
3,1,0,313,6.8,0,23.0,0
2,1,0,188,10.3,0,23.8,0
4,1,0,166,127.4,0,25.6,1
1,2,0,179,17.8,0,26.2,0
0,1,0,189,62.3,0,28.4,1
3,2,1,314,15.6,1,20.8,1
2,0,1,164,18.6,1,30.1,1
3,0,0,376,20.2,1,28.5,0
1,2,1,206,10.4,1,30.1,0
4,0,1,141,7.9,1,28.6,1
2,2,0,161,10.2,1,29.0,0
0,1,0,140,40.2,1,26.6,0
0,2,0,171,58.8,0,26.1,1
3,1,0,311,22.7,0,22.6,1
3,0,0,335,16.0,1,22.9,0
2,1,0,184,7.2,0,24.1,1
3,2,0,335,0.9,1,20.1,0
2,2,0,191,53.2,0,27.2,0
0,0,1,177,7.4,1,29.2,0
2,0,1,175,36.4,0,25.4,1
0,0,1,145,8.8,1,35.5,0
4,0,0,172,47.7,1,30.5,0
1,1,0,174,3.8,1,25.0,0
0,2,0,164,3.8,0,26.7,0
2,2,0,174,86.6,0,31.8,1
3,1,0,333,2.7,0,16.4,1
4,0,1,202,14.4,0,31.8,1
2,2,1,225,29.9,0,26.1,1
3,1,0,345,26.3,0,20.0,1
0,0,0,152,0.9,0,28.3,0
2,0,0,165,7.4,1,27.2,1
0,0,0,145,0.7,1,28.8,0
0,0,0,175,77.7,0,28.6,1
4,2,0,174,9.8,1,23.4,0
1,2,1,189,31.5,0,24.5,1
3,1,0,307,7.3,1,19.4,0
0,1,0,177,19.1,1,29.7,0
2,2,0,187,46.5,0,30.2,1
2,1,0,202,7.2,0,23.2,0
4,1,1,178,6.8,0,25.3,1
2,0,0,172,8.5,1,22.2,0
0,1,0,226,12.9,0,27.0,1
3,2,0,326,7.6,0,26.5,0
2,2,0,177,35.7,1,27.6,1
0,2,1,205,0.5,0,29.1,1
1,2,0,95,13.0,1,26.4,0
4,2,1,181,61.8,0,24.0,0
3,2,1,306,16.7,1,14.6,1
3,0,1,256,14.8,0,20.0,1
3,1,0,289,1.9,0,21.7,0
1,1,0,207,91.1,0,27.6,1
2,1,1,181,5.2,1,31.4,0
2,0,0,208,138.6,0,26.9,0
2,2,1,208,13.6,1,31.6,1
4,1,0,191,5.7,1,33.2,0
3,2,1,313,1.2,0,22.4,0
1,0,0,175,26.7,1,31.3,0
3,1,1,344,7.7,1,20.2,0
2,2,1,163,1.0,1,20.6,0
3,2,1,321,9.3,1,26.9,1
0,2,0,185,46.9,0,24.2,1
4,2,1,164,7.1,0,23.4,1
0,0,1,154,19.7,1,27.3,1
2,1,0,160,17.6,1,25.4,0
2,1,0,181,30.6,1,27.3,0
4,1,0,230,47.2,0,29.7,0
2,1,1,166,23.7,1,27.8,1
2,2,1,201,44.6,0,34.1,1
1,2,1,164,30.5,1,30.8,1
2,2,1,193,101.1,0,36.4,1
2,2,1,190,42.9,1,29.1,1
1,0,1,149,1.3,1,31.7,0
4,2,0,198,88.6,0,28.6,1
2,2,0,170,4.3,1,28.9,0
3,0,0,306,18.7,0,20.7,1
1,0,0,158,45.3,0,33.9,0
4,0,0,198,121.9,0,33.0,0
4,1,0,213,43.0,0,25.9,1
4,1,1,174,44.5,0,30.3,1
0,1,1,196,21.5,0,26.2,0
1,2,0,180,35.6,0,23.9,0
3,0,0,353,0.5,1,24.8,0
0,2,1,189,89.4,0,31.6,1
2,2,0,204,41.2,0,38.2,0
4,2,0,183,16.7,0,31.5,0
4,2,1,165,9.6,0,29.1,0
1,2,0,208,103.4,0,23.9,1
1,0,0,167,22.1,1,28.1,0
2,0,0,174,17.5,0,26.8,1
2,0,1,155,22.2,1,22.8,1
2,0,0,206,20.3,0,31.4,0
0,2,0,145,70.7,0,30.1,1
1,2,0,213,37.2,0,35.0,1
4,0,1,165,24.2,1,22.7,1
0,0,1,193,14.9,0,33.0,1
2,2,0,131,50.8,1,23.7,0
3,1,0,313,1.7,0,20.0,0
2,2,0,164,141.7,0,32.2,1
1,0,1,160,63.1,1,37.9,0
4,1,0,199,0.6,0,26.5,0
1,1,0,168,15.1,0,29.9,0
4,1,0,223,5.3,1,30.9,0
0,0,0,147,7.5,1,31.8,0
4,1,0,194,13.2,0,26.6,0
4,1,0,202,105.2,1,27.0,1
4,1,0,185,16.2,1,22.8,0
4,1,1,153,145.3,1,30.4,1
3,0,0,296,2.7,1,20.0,0
1,1,1,193,3.0,1,23.7,1
1,0,1,169,44.1,0,28.1,0
2,1,1,176,61.9,0,29.6,1
2,2,0,161,16.9,0,26.6,0
1,1,0,143,38.7,0,23.5,1
2,1,1,182,53.3,0,29.1,1
4,0,1,166,33.3,0,24.2,1
0,0,0,159,4.0,1,29.6,0
1,0,0,191,0.7,0,34.9,0
1,1,0,185,57.4,0,31.2,1
4,1,0,161,26.2,1,25.8,0
4,1,1,181,75.5,0,26.6,1
4,2,0,189,7.8,0,27.9,0
0,1,0,192,46.6,1,31.5,0
2,2,0,155,17.0,1,26.9,0
0,1,0,168,43.9,0,21.4,1
3,0,0,312,15.7,1,17.3,0
0,2,0,182,12.0,1,25.4,0
3,1,0,287,10.7,0,21.0,1
1,2,0,212,59.3,1,28.0,0
3,1,0,339,19.5,0,25.4,1
3,0,1,335,16.0,0,21.1,0
0,2,0,195,15.9,1,30.2,0
2,0,1,161,22.1,1,30.2,1
0,2,0,140,5.7,0,24.7,1
1,0,0,174,7.6,1,24.5,0
2,2,1,172,93.6,0,28.2,1
0,0,0,158,71.1,0,28.0,1
0,1,0,149,0.3,1,28.5,0
4,1,0,196,57.9,0,24.8,1
4,1,0,221,32.5,1,29.1,1
4,0,0,182,47.0,1,34.0,0
3,0,0,303,3.4,0,18.8,0
1,1,0,185,85.3,1,30.1,0
3,2,0,331,30.2,0,22.0,1
4,1,0,163,31.3,1,31.9,0
2,1,0,181,51.2,1,19.4,1
0,0,1,133,18.5,1,25.3,0
0,0,1,199,35.6,1,26.9,1
0,2,0,224,25.0,1,19.7,0
0,2,1,202,98.0,0,29.5,1
0,1,1,165,55.7,0,28.3,1
4,0,1,220,27.7,0,26.6,1
0,0,1,176,1.1,1,27.7,0
0,2,1,156,7.0,1,33.1,1
3,0,0,316,5.5,1,27.5,0
2,2,1,210,17.0,1,29.5,0
2,2,0,213,30.6,0,31.1,1
3,2,0,326,1.1,1,22.4,0
1,2,0,207,7.5,1,21.5,0
0,1,0,146,24.5,0,22.8,0
1,1,0,206,22.5,1,28.7,1
3,1,0,359,5.5,0,24.9,0
4,0,0,183,3.6,1,28.5,0
2,1,1,183,4.8,1,22.6,0
2,1,0,106,10.6,1,23.0,0
4,1,0,156,18.4,0,26.1,1
0,1,1,196,47.5,0,24.8,1
1,2,1,156,59.9,1,24.8,0
0,1,0,204,97.5,0,30.8,1
1,0,0,178,19.7,1,33.9,0
4,1,1,208,14.0,0,24.9,1
2,0,0,172,15.1,1,31.4,0
1,2,0,202,28.9,1,25.3,1
3,2,0,302,1.1,0,19.0,0
0,2,0,187,13.6,1,23.1,0
2,1,0,209,3.3,0,22.3,1
2,2,0,189,186.1,0,24.2,1
3,0,1,333,4.0,1,19.9,1
1,2,0,198,35.7,0,26.2,0
1,1,0,191,87.3,0,23.9,1
1,2,0,140,0.6,1,35.0,0
2,0,1,170,57.8,0,26.6,1
3,2,0,332,12.3,1,18.8,0
2,1,1,214,62.5,0,32.1,1
0,0,0,146,2.9,0,30.1,0
2,1,0,194,5.9,1,32.5,0
4,1,0,145,27.2,0,22.4,0
4,1,0,179,36.6,0,28.3,0
1,2,0,169,115.6,0,28.6,1
3,0,1,279,6.8,0,22.9,1
0,2,0,198,30.9,1,25.2,0
0,2,1,129,11.4,0,30.1,0
4,0,1,130,50.8,0,26.6,1
4,2,1,142,0.1,1,25.5,0
1,2,0,159,38.8,0,27.7,1
0,2,0,255,22.8,1,32.1,0
0,2,0,176,0.1,1,31.9,0
1,1,0,182,64.6,1,26.9,0
3,2,1,296,3.5,0,23.1,0
0,0,1,202,88.5,0,25.9,1
0,0,0,171,24.2,1,27.1,0
3,0,0,314,9.1,0,21.9,1
1,0,0,170,17.9,0,27.6,1
2,0,0,188,29.2,1,28.6,1
3,1,0,324,10.9,1,21.2,0
0,2,0,178,25.3,1,28.3,0
0,1,0,165,15.6,1,21.6,0
0,1,0,177,70.5,0,23.1,1
3,0,0,346,28.9,1,16.3,0
1,1,1,146,74.9,0,28.4,1
4,0,0,174,3.5,0,25.3,1
0,1,0,179,7.4,1,34.9,0
4,2,0,154,97.7,0,33.0,0
1,0,0,190,3.9,1,29.1,0
3,2,1,283,20.2,0,21.7,0
0,2,0,182,9.1,1,28.4,0
3,1,1,291,2.8,0,20.4,0
1,1,1,172,38.4,0,36.9,1
1,1,0,164,2.3,0,26.9,0
4,0,1,142,56.0,0,28.5,1
1,2,0,175,72.5,0,23.8,0
2,0,0,150,37.8,1,36.4,0
1,0,0,186,4.1,0,23.0,0
3,0,0,307,5.7,0,21.5,0
2,2,0,191,7.9,0,30.3,0
1,0,0,225,4.9,1,29.1,0
3,0,1,336,71.3,1,26.6,1
2,0,0,207,11.2,1,19.3,0
2,0,0,156,34.3,1,32.4,1
3,0,0,291,23.7,0,20.8,1
2,1,0,152,18.8,1,30.1,0
0,1,0,163,1.3,1,22.6,0
2,1,0,167,23.0,0,32.0,0
1,0,1,184,1.1,1,32.6,0
2,2,0,189,16.4,1,35.5,0
1,1,0,198,93.1,0,30.3,1
2,1,0,188,3.0,0,34.9,0
1,2,0,180,41.9,0,26.9,0
1,2,0,197,9.3,0,27.8,0
3,0,1,342,3.2,1,24.1,0
2,0,0,191,1.7,1,33.3,0
2,1,0,146,48.7,0,25.4,1
1,1,1,171,52.9,0,35.2,1
1,2,0,212,13.1,1,27.4,0
2,0,1,204,41.5,0,27.6,1
0,1,1,229,47.8,0,25.7,1
1,2,0,191,14.9,0,28.9,1
4,1,0,214,17.5,1,30.7,1
2,1,0,183,11.7,1,31.6,0
4,2,0,189,9.8,1,30.6,0
0,1,0,166,30.6,1,24.8,1
3,0,1,303,29.1,0,25.5,1
0,1,1,192,30.9,1,29.7,1
3,0,1,287,14.0,1,21.0,1
0,0,0,175,32.4,0,22.8,1
2,1,0,186,28.4,1,21.8,0
0,2,0,199,21.5,0,26.4,1
1,2,1,141,29.0,0,29.9,1
4,1,0,149,62.1,0,27.5,1
3,1,0,337,19.2,0,21.9,1
3,0,0,266,1.7,0,20.4,0
2,1,0,222,46.8,0,27.7,1
3,0,0,319,11.8,0,21.2,1
4,0,0,159,110.1,0,25.2,1
3,0,0,301,11.6,1,20.6,1
2,1,0,153,142.6,0,24.5,0
4,2,0,169,16.2,0,27.7,1
2,2,0,153,10.5,1,28.9,0
3,0,1,295,2.0,1,17.6,0
1,1,1,185,19.4,0,29.5,1
3,0,1,302,11.0,0,17.7,1
1,1,0,199,22.0,1,29.5,1
0,1,0,190,12.8,0,33.6,0
4,1,0,180,60.6,1,25.2,1
2,0,1,190,0.2,0,28.8,0
4,2,0,162,25.8,1,27.8,1
0,1,0,122,9.4,1,24.1,0
4,2,1,174,29.6,0,24.9,1
1,1,1,167,9.9,1,25.6,1
3,0,1,318,4.4,0,22.0,1
4,2,0,201,10.3,1,24.2,0
1,1,0,207,16.5,1,26.3,0
1,0,0,194,10.4,1,28.6,0
2,1,0,171,28.2,1,30.9,0
4,1,0,161,23.0,1,26.5,0
3,1,1,322,4.8,1,24.3,0
2,2,0,241,29.4,0,30.5,0
0,0,1,208,52.7,1,27.2,1
1,2,0,168,22.2,1,35.3,0
0,2,0,198,28.2,1,24.6,0
1,1,0,147,127.7,0,31.3,1
2,1,0,173,116.6,0,24.1,1
2,1,0,192,6.0,0,28.1,0
3,2,0,311,3.5,0,20.4,0
3,2,0,293,21.6,0,15.4,0
1,1,0,183,66.7,1,26.5,0
3,1,0,316,0.4,1,17.0,0
3,0,0,314,21.5,0,18.2,1
4,2,0,180,43.3,0,28.7,1
2,2,1,161,129.7,1,30.5,1
4,1,0,152,120.2,0,32.4,1
3,1,0,327,47.3,1,19.0,0
0,0,0,132,107.1,0,25.2,1
2,1,1,182,14.2,1,29.5,1
3,2,1,337,39.2,1,22.0,1
0,0,1,179,6.5,1,28.4,0
1,2,0,174,1.9,1,26.9,0
2,0,1,215,90.0,0,26.9,1
2,1,0,167,29.3,1,31.6,0
1,1,0,147,35.3,0,28.5,1
4,2,0,192,172.6,0,24.2,1
0,1,0,193,65.2,0,26.2,1
1,0,1,233,18.8,1,28.1,1
0,0,0,160,16.1,1,26.4,0
3,1,0,363,4.7,0,21.2,0
2,1,1,175,7.7,0,29.0,0
0,1,0,199,3.8,1,28.4,0
1,0,0,146,13.2,1,34.0,0
4,0,0,224,24.7,1,24.9,0
3,1,0,283,22.3,0,24.0,1
3,0,0,319,12.8,0,20.4,1
3,0,0,309,6.5,0,25.5,0
0,2,0,196,2.7,1,28.1,0
2,1,1,140,15.3,1,29.2,1
1,2,1,148,4.6,1,27.7,1
3,2,1,346,6.8,0,22.1,0
2,0,0,203,13.6,1,28.0,0
2,0,0,190,33.1,1,27.7,1
0,0,0,209,18.3,1,28.5,0
4,0,0,211,42.6,0,31.7,1
3,2,0,329,1.2,1,18.4,0
3,2,0,315,0.3,1,21.7,0
1,0,1,159,39.2,0,30.8,0
4,1,0,199,59.3,1,36.9,1
1,1,1,160,27.4,1,21.7,0
2,0,0,215,5.7,1,25.5,0
4,2,1,198,107.5,0,21.9,1
1,2,0,215,21.6,0,27.5,0
3,2,0,313,25.4,0,20.2,1
2,2,0,200,44.5,0,27.9,1
4,0,1,233,35.0,1,34.3,1
2,2,1,186,57.8,1,25.3,1
3,2,0,343,0.3,0,22.3,0
3,1,0,343,9.0,0,21.3,1
0,2,0,209,26.7,1,23.1,0
2,0,1,181,81.6,1,33.9,1
2,1,0,155,79.2,1,26.1,1
1,2,1,228,27.4,1,28.2,0
0,1,1,167,1.6,1,25.4,0
4,0,1,240,16.9,1,29.7,1
4,1,0,168,8.5,1,22.9,0
3,2,0,318,6.4,0,24.0,0
1,0,0,206,10.3,1,32.2,0
2,2,0,172,46.3,0,37.6,1
0,1,0,156,17.6,1,27.9,0
1,2,1,193,6.4,1,29.0,0
2,0,1,165,10.2,1,26.2,0
4,2,0,151,40.6,0,29.4,1
2,2,0,188,9.1,0,31.2,0
1,1,1,205,13.0,1,21.8,0
2,2,0,176,17.6,1,27.8,0
3,2,1,301,4.2,0,18.6,0
0,1,0,171,14.6,0,26.3,1
1,2,1,219,2.8,1,29.8,0
1,1,1,177,86.8,1,20.8,1
3,1,0,336,5.3,0,22.4,0
3,2,0,317,19.3,0,25.2,1
3,0,1,311,3.1,0,15.1,0
1,2,1,164,16.3,1,30.6,1
4,2,0,175,48.3,0,34.2,1
0,1,0,199,29.1,1,25.2,0
2,0,1,125,36.6,1,31.2,1
3,0,0,304,8.3,0,20.7,0
4,0,0,181,40.3,0,32.0,1
1,1,0,174,1.6,1,27.2,0
2,0,1,187,119.7,0,28.8,0
2,1,1,211,49.5,0,28.2,1
2,0,0,226,18.5,0,28.2,0
1,0,0,187,2.5,1,26.5,0
2,2,1,191,3.4,0,23.3,1
2,1,0,162,51.3,0,27.3,0
0,1,1,170,41.5,1,21.7,1
0,2,0,166,20.7,0,30.9,1
1,1,0,208,12.3,0,29.7,0
3,2,1,334,19.9,0,21.3,1
0,2,1,218,11.2,0,29.5,0
1,1,1,207,66.8,0,25.9,1
3,2,0,351,22.5,0,25.3,1
2,2,0,206,2.9,1,27.7,0
3,2,0,307,0.9,1,21.1,0
2,1,0,186,22.1,1,28.6,0
2,1,0,142,6.3,0,31.5,0
3,0,0,331,8.7,1,19.9,1
1,2,0,175,71.5,1,27.5,1
4,2,1,185,125.4,1,25.7,1
3,2,0,347,16.2,1,22.7,0
3,1,0,328,0.8,0,21.2,0
4,2,0,179,14.9,0,32.6,0
3,1,0,343,4.8,0,22.4,0
0,0,0,243,3.4,1,22.7,0
1,2,0,187,27.0,1,23.0,1
3,2,0,308,20.3,0,23.7,1
3,2,0,325,15.9,0,19.4,1
1,1,1,201,56.8,0,26.5,1
1,2,0,203,23.1,1,26.5,1
2,0,0,259,8.5,1,32.7,0
2,0,0,181,5.2,1,31.0,0
3,0,0,357,0.3,1,15.6,0
4,0,0,180,114.3,0,27.3,1
4,1,0,192,15.2,1,30.7,0
4,0,0,160,82.2,0,29.0,1
0,1,0,177,12.0,1,29.9,0
1,0,0,174,62.3,1,27.7,0
2,2,1,190,45.9,1,28.8,1
2,2,0,223,10.1,0,29.5,0
2,2,0,148,56.4,0,28.4,1
3,2,0,345,17.6,0,19.9,0
0,2,1,173,12.1,0,28.4,0
2,1,0,204,38.8,1,29.4,1
2,2,0,216,16.0,0,25.1,1
3,2,0,317,0.5,1,18.8,0
1,2,1,167,9.5,0,22.3,1
4,0,1,216,16.3,1,31.3,1
3,2,0,306,6.3,1,19.0,1
2,0,0,154,4.4,1,24.3,0
3,1,1,315,2.1,0,21.9,0
0,1,0,176,4.6,1,31.6,0
2,2,0,140,1.1,1,32.3,0
1,1,0,200,17.8,1,28.7,0
0,2,0,188,28.5,1,25.9,1
0,1,0,242,0.3,1,28.5,0
1,2,0,143,14.3,1,34.6,0
2,0,1,194,50.0,0,30.6,1
2,1,1,166,28.1,0,25.0,1
2,2,0,162,15.7,0,27.3,0
0,1,1,156,10.9,0,27.5,0
2,2,0,145,22.0,0,30.1,0
4,2,1,216,19.9,1,30.0,1
3,1,0,335,6.0,1,20.1,0
3,2,0,349,10.5,0,27.8,0
4,1,0,157,51.5,1,29.0,0
0,0,1,203,33.0,0,24.8,0
3,2,1,338,18.9,0,24.3,1
0,0,0,236,7.0,1,27.6,0
2,0,0,182,34.8,1,28.4,1
1,0,0,159,2.7,0,26.5,0
3,1,1,306,20.8,0,17.0,1
1,1,0,157,10.9,0,26.6,0
1,2,1,196,7.4,1,25.9,1
2,1,0,150,23.3,0,27.9,1
3,1,0,319,13.9,0,22.2,1
0,0,0,174,33.3,1,31.3,0
2,2,0,172,20.7,1,24.4,0
3,1,0,315,1.9,0,20.8,0
1,2,1,116,32.6,1,26.3,0
0,1,0,130,53.1,0,27.3,1
0,0,0,117,55.6,0,31.1,0
0,0,0,154,9.1,1,26.9,0
3,2,0,313,50.8,0,20.8,0
1,1,1,152,7.9,0,28.2,0
4,0,1,203,24.3,0,29.0,0
1,1,1,174,3.1,0,25.3,1
3,2,0,327,12.1,0,24.8,0
0,1,1,167,31.5,1,29.7,1
3,0,0,325,3.7,0,23.3,0
1,0,0,219,1.7,0,25.1,0
3,1,0,320,15.0,0,21.2,0
3,0,0,324,4.2,0,21.3,0
2,0,0,163,8.1,0,28.6,0
1,2,0,188,10.1,1,28.7,0
2,0,1,150,73.8,0,28.5,1
0,1,1,156,2.9,1,29.0,1
1,0,1,122,3.9,1,28.1,0
4,1,1,129,35.9,0,31.0,1
4,1,0,197,7.1,0,31.4,0
1,2,0,160,53.8,0,29.6,1
0,2,1,226,16.1,1,31.9,1
1,0,0,167,8.7,1,30.2,0
4,1,1,202,106.1,1,24.3,1
4,1,0,183,4.9,1,20.7,0
1,1,1,184,14.8,0,21.7,0
3,0,0,301,63.2,0,24.9,1
1,0,0,172,87.9,0,28.5,0
2,2,0,158,24.7,1,29.2,0
3,0,0,330,25.2,0,24.3,1
2,2,0,194,22.5,0,27.9,1
1,2,1,184,42.4,1,27.4,1
0,1,1,166,32.1,0,27.4,1
4,2,0,149,17.8,1,28.2,0
2,2,0,190,70.1,0,25.7,1
3,2,1,313,1.2,0,22.7,0
1,2,0,184,66.9,0,20.6,1
3,0,0,321,6.2,0,20.5,0
3,1,1,301,0.6,1,22.8,0
3,0,0,347,4.2,0,18.8,0
4,0,0,215,0.4,1,23.0,0
2,1,0,178,105.9,0,33.3,0
4,0,0,231,9.2,1,24.2,0
0,2,0,172,29.3,1,28.6,1
4,1,1,173,8.8,1,29.0,0
4,1,0,170,30.9,1,26.7,1
1,2,0,157,23.7,1,29.1,0
1,0,0,194,6.2,0,26.7,0
4,2,0,236,66.1,0,26.2,0
4,1,0,166,82.4,1,29.7,1
2,0,0,142,1.9,1,26.6,0
4,1,0,183,34.4,1,26.1,0
3,1,0,302,68.1,0,20.8,1
3,1,1,309,2.0,1,18.5,1
4,0,0,222,17.6,1,24.8,1
3,1,0,316,0.3,0,16.9,0
0,2,0,195,52.3,0,27.1,1
2,2,0,191,3.9,1,25.0,0
1,2,0,199,0.7,1,27.2,0
0,1,1,175,9.7,0,29.3,1
0,1,1,194,2.0,1,26.8,0
0,2,0,165,1.8,1,29.7,0
1,1,0,167,2.1,1,28.1,0
3,1,1,294,11.5,0,25.4,1
0,2,0,139,50.1,0,26.3,1
3,0,1,330,1.5,0,20.3,1
3,0,0,348,22.2,0,21.6,1
4,1,0,165,46.3,0,28.6,1
0,0,1,185,5.1,1,25.8,1
0,2,0,164,17.5,1,27.1,0
2,1,1,189,9.5,0,28.6,0
3,0,0,334,4.9,1,21.3,0
0,1,0,238,24.6,1,27.7,1
0,0,0,171,2.2,1,30.6,0
2,1,1,197,21.1,1,29.2,0
2,1,0,216,10.2,1,31.2,0
3,0,0,331,5.3,1,19.2,0
1,2,1,192,43.2,0,29.6,1
2,0,0,159,9.8,0,29.4,0
3,0,1,308,17.5,1,24.5,0
3,2,1,288,0.7,1,25.3,0
3,2,1,276,3.3,0,18.1,1
4,0,1,178,23.3,0,29.1,1
4,2,0,187,79.9,1,34.4,1
3,0,0,320,1.1,0,17.3,0
1,1,0,200,45.1,1,27.5,0
4,0,0,178,25.5,0,29.0,1
4,1,0,197,9.5,1,31.0,0
0,1,0,173,4.3,1,25.6,0
4,0,0,154,5.2,0,32.1,0
4,2,0,189,19.2,1,30.4,0
4,1,1,187,29.5,0,27.9,1
0,0,0,196,19.7,1,34.3,0
2,1,1,182,32.0,1,27.9,1
3,2,0,295,15.7,1,20.6,0
4,0,0,231,15.3,0,26.2,0
4,2,0,162,7.1,0,31.2,0
0,2,0,166,3.7,1,28.5,0
3,0,0,293,13.7,0,19.6,1
3,0,0,316,0.2,1,20.7,0
2,0,0,204,3.6,1,23.5,0
2,0,1,199,11.4,1,29.9,0
1,0,1,183,19.4,0,28.1,1
4,2,0,177,6.6,1,28.3,0
2,2,0,226,9.8,1,29.6,0
3,0,0,316,20.6,0,18.6,1
0,0,0,163,63.0,0,20.3,1
3,2,0,334,2.5,0,25.0,0
4,2,1,224,22.8,0,28.1,1
0,2,0,168,41.3,1,25.8,1
0,2,1,175,13.2,1,27.6,0
2,0,1,174,48.6,1,27.4,1
0,2,1,203,39.1,0,25.7,1
2,0,0,227,36.3,1,26.6,1
0,0,0,178,85.4,0,35.3,1
4,1,1,160,2.1,1,29.7,0
3,0,0,322,0.1,0,26.2,0
2,1,0,161,24.2,0,31.2,0
4,1,0,142,61.4,0,23.6,1
2,2,1,164,1.8,1,28.4,0
3,2,0,330,35.9,1,21.0,0
0,0,0,193,115.2,0,30.9,1
3,2,1,317,1.2,1,23.6,0
3,1,0,332,1.3,0,30.3,0
0,1,1,151,131.2,0,27.1,1
2,2,0,146,20.9,0,27.1,0
4,2,0,174,8.9,1,28.9,0
1,1,0,191,5.1,1,32.3,0
1,0,0,146,25.5,1,25.7,0
3,1,0,318,11.9,0,21.7,1
2,0,1,186,21.7,0,33.7,1
3,0,1,295,2.7,0,23.5,1
3,1,1,293,20.4,1,20.0,0
0,0,0,158,18.5,1,28.3,0
1,2,1,151,18.0,1,27.3,0
3,2,1,332,3.1,0,20.1,0
0,1,0,130,43.6,0,26.2,1
2,1,0,174,27.8,1,29.1,0
4,2,1,165,45.9,0,25.5,1
0,0,0,188,45.3,1,27.2,0
3,0,1,311,6.1,1,24.1,0
4,1,0,161,42.4,0,29.7,1
4,0,1,168,35.9,0,30.8,1
3,2,0,318,62.7,0,18.9,1
2,2,1,153,14.2,1,31.4,1
3,0,0,341,2.3,1,22.3,0
2,2,0,142,52.1,0,33.8,1
2,2,0,192,34.2,1,23.3,0
0,2,1,168,15.8,0,29.4,0
1,2,0,171,61.4,1,36.1,0
0,1,0,207,23.6,0,26.6,1
0,2,0,197,34.2,1,30.3,0
2,2,0,176,26.3,0,30.1,1
1,0,0,192,77.0,0,29.3,0
0,2,0,205,6.8,1,30.2,0
4,2,0,162,22.1,1,29.5,0
2,2,0,121,69.3,0,25.1,1
1,0,0,168,42.4,0,31.2,1
3,0,1,328,49.2,0,20.6,1
1,0,1,180,65.8,1,22.7,1
3,0,0,317,3.9,1,23.9,0
1,2,1,158,28.9,1,31.8,1
1,1,0,183,3.8,1,29.8,0
4,2,1,218,1.1,0,30.0,1
4,0,0,211,64.9,0,24.4,1
4,2,0,160,52.9,1,30.3,0
4,2,0,212,52.0,0,27.2,1
3,1,1,321,1.1,0,18.4,1
1,1,0,158,36.3,0,24.7,1
1,2,1,149,1.4,1,26.0,0
3,1,0,315,1.6,0,19.9,1
0,0,0,187,33.7,1,30.4,0
1,0,0,208,45.0,0,24.4,0
0,0,0,184,36.4,1,31.5,0
3,0,1,276,18.3,0,18.3,0
1,2,0,194,2.1,0,22.3,0
1,2,0,125,7.4,1,32.0,0
4,2,0,219,38.8,0,31.7,1
4,1,0,164,10.2,0,29.9,0
1,1,0,258,12.5,1,27.5,0
2,2,1,177,53.4,0,35.2,1
1,2,1,194,9.9,1,26.1,0
0,1,1,190,29.2,0,34.6,1
2,2,0,184,1.7,0,26.4,0
1,0,0,182,18.6,1,26.8,0
3,1,0,335,28.1,0,23.8,1
0,1,0,200,7.8,1,28.0,0
1,1,0,188,23.2,1,23.5,1
1,1,1,202,42.3,1,26.6,1
4,0,0,175,156.5,1,30.5,1
2,2,0,187,43.7,0,31.0,1
3,2,1,313,13.0,1,18.3,0
1,2,0,174,0.5,1,25.1,0
4,0,0,161,17.1,1,25.0,0
1,1,0,182,20.6,1,27.4,0
2,0,0,216,11.6,1,32.6,0
2,0,0,184,95.4,0,31.1,1
4,0,0,199,14.2,0,28.3,1
3,0,0,300,2.4,0,24.7,0
4,0,0,139,13.4,0,22.2,1
2,1,1,184,39.2,0,28.0,1
2,1,1,176,1.7,0,31.2,1
1,1,1,215,40.2,0,24.7,1
2,1,0,178,44.7,0,30.0,1
2,1,0,198,26.4,1,27.4,0
3,2,0,307,4.0,0,18.1,0
2,2,0,215,19.8,1,26.3,0
3,1,0,320,5.8,0,28.1,0
1,0,0,159,28.5,1,26.0,0
1,0,1,188,92.7,0,32.1,0
1,2,0,146,34.5,0,33.2,1
2,0,0,195,4.7,0,34.5,0
4,2,0,155,42.0,0,32.1,1
1,2,0,171,9.3,1,27.1,0
0,0,0,194,0.8,1,30.2,0
1,0,1,174,21.3,0,29.2,1
2,0,1,211,11.1,1,28.6,0
4,1,1,212,28.9,1,18.7,0
4,2,0,239,48.7,0,23.2,0
3,1,0,306,9.6,1,21.1,1
4,2,0,152,71.8,0,28.1,1
1,0,0,180,23.9,0,23.6,0
1,0,0,197,45.4,0,21.4,1
3,0,1,324,0.2,0,22.5,0
0,1,1,183,56.5,0,29.8,1
1,0,0,203,1.4,0,26.7,0
3,2,1,314,29.6,1,20.2,1
1,2,1,179,166.4,0,33.5,1
4,2,0,177,18.9,1,26.1,0
3,0,1,294,24.9,1,23.0,1
1,2,1,247,14.0,1,27.7,0
0,2,0,143,62.2,1,32.6,0
0,1,0,221,132.7,1,26.4,0
4,1,1,185,4.8,1,32.0,1
0,0,0,160,11.8,0,28.3,0
3,1,0,346,5.7,0,21.0,0
2,0,0,193,18.4,0,28.4,1
2,1,0,199,63.1,0,28.6,0
1,2,1,172,3.2,0,30.4,0
4,0,1,151,111.0,0,22.6,1
4,2,0,159,44.8,1,32.2,0
1,0,0,204,31.1,0,24.8,0
3,1,1,317,8.5,0,24.0,1
0,0,1,187,1.0,0,32.4,0
3,2,0,333,3.3,0,17.3,0
0,2,0,170,6.6,0,30.2,1
2,0,0,260,4.9,0,24.9,0
1,2,0,128,38.8,1,24.9,1
2,1,0,177,8.7,0,28.4,0
1,1,0,196,78.4,0,25.9,1
1,0,0,213,29.8,1,24.2,0
2,2,1,211,33.6,1,24.0,0
0,0,1,157,34.0,1,23.4,1
3,2,0,312,1.6,1,23.6,0
2,1,0,153,37.3,1,28.9,1
1,0,0,143,77.5,1,26.1,0
2,2,0,229,17.0,1,24.6,1
4,2,1,189,11.0,1,34.1,0
0,1,1,198,40.5,0,29.1,1
4,0,0,199,112.6,0,30.6,1
1,0,0,166,2.5,0,29.0,0
1,1,0,191,19.1,1,23.7,0
1,2,0,176,93.9,0,31.6,1
2,2,1,220,77.5,1,22.9,1
2,1,0,224,122.5,1,27.7,1
3,0,0,342,3.8,0,24.7,1
0,1,1,221,25.3,0,27.8,1
3,1,0,336,2.0,0,23.5,1
0,0,1,151,8.1,1,28.9,0
3,0,1,286,13.4,1,21.1,1
2,2,0,213,6.6,1,25.5,0
1,0,0,214,12.1,1,27.3,0
2,0,1,207,18.8,0,32.6,0
2,0,0,145,138.0,1,25.1,1
4,0,1,207,80.7,0,21.3,1
1,0,1,130,163.8,0,23.6,1
2,2,1,208,15.8,1,26.4,0
3,1,0,298,2.2,1,20.8,0
1,1,0,155,0.1,0,23.7,0
3,0,0,325,13.8,0,20.2,0
3,2,1,322,34.7,0,21.1,0
0,2,1,195,40.4,0,22.8,1
3,1,1,281,7.5,0,17.1,0
3,2,0,325,16.6,0,20.9,1
1,0,0,152,18.5,1,32.3,0
1,0,0,174,55.9,1,22.4,1
0,1,0,163,23.3,1,22.1,1
0,0,0,181,64.1,0,25.1,1
1,0,1,145,3.4,1,24.0,0
0,1,0,208,129.3,1,24.6,1
1,2,0,158,50.2,0,27.2,0
1,2,1,186,9.7,1,27.1,0
1,2,0,143,0.6,1,30.7,0
0,2,0,180,24.1,0,24.4,1
2,0,1,189,14.7,1,26.9,1
0,2,0,129,63.5,0,30.7,1
4,0,1,189,13.3,1,21.6,0
4,1,0,204,39.9,0,27.8,1
1,0,0,140,67.4,1,28.7,0
2,0,0,178,17.8,1,27.5,0
2,1,0,163,8.6,1,30.4,0
2,0,0,144,2.3,1,26.0,0
0,0,0,204,94.9,0,31.2,0
4,2,1,197,37.1,0,20.6,1
4,0,0,167,0.2,1,26.0,0
4,2,1,200,9.9,1,28.0,0
1,2,1,183,1.5,1,26.7,0
3,0,0,320,3.8,1,17.8,0
2,1,1,138,7.5,0,24.3,1
2,0,1,162,64.7,0,27.2,1
2,1,1,149,30.3,1,23.2,1
3,0,0,312,19.8,1,19.2,0
1,1,0,173,16.6,1,27.3,1
4,1,0,183,32.6,0,29.8,0
3,0,1,321,8.9,0,13.0,1
3,0,1,286,1.7,1,22.1,0
3,1,1,296,6.6,1,22.1,0
4,0,1,209,13.9,0,27.6,0
3,2,0,345,19.8,0,17.7,0
0,0,0,164,205.4,1,28.1,0
2,1,0,195,34.9,1,32.4,1
1,2,0,184,11.6,0,28.5,1
0,0,0,209,26.5,1,23.8,1
1,0,0,183,12.6,1,35.3,0
0,1,1,192,24.5,0,23.4,1
1,1,0,155,25.4,1,25.9,1
3,1,1,331,27.1,1,24.3,0
4,2,0,161,104.8,0,26.8,1
4,0,0,228,74.7,0,30.6,1
2,1,0,214,18.6,1,26.6,0
4,2,1,181,8.2,0,25.0,0
3,1,1,323,0.5,1,19.0,1
2,0,1,178,32.3,1,36.0,0
0,2,0,162,46.0,1,26.7,1
3,2,0,267,28.6,0,20.9,0
3,0,0,366,34.2,1,22.7,0
0,1,0,202,25.8,1,27.9,0
4,0,1,203,3.0,1,29.5,1
1,0,1,147,17.1,1,30.5,0
3,2,1,348,15.0,1,18.1,0
2,0,1,145,21.2,1,25.2,1
1,2,1,189,2.1,1,27.8,0
1,1,0,182,20.1,1,31.1,0
4,1,1,187,5.4,1,21.3,0
0,2,1,209,26.7,0,26.3,1
2,1,0,172,5.5,1,19.4,0
0,2,1,148,8.7,0,29.4,1
1,2,0,188,33.4,0,23.6,1
2,1,0,174,37.1,0,31.0,0
0,0,0,192,11.6,0,30.2,1
4,2,0,172,38.8,0,26.8,1
4,2,0,154,42.0,1,25.5,0
4,0,1,120,32.5,1,28.7,1
2,2,0,185,14.0,1,31.4,1
3,2,1,306,3.7,0,23.6,0
4,0,0,195,47.0,1,30.5,1
4,1,1,192,32.6,1,31.2,1
0,0,1,135,11.1,0,26.0,0
0,1,0,186,20.7,1,28.0,0
1,0,0,155,15.4,1,26.9,0
0,2,0,182,41.9,0,18.7,1
2,0,0,163,76.2,1,21.4,0
2,1,0,191,139.2,0,28.2,1
1,0,0,184,9.3,0,25.4,0
2,1,0,174,98.8,1,23.3,1
2,2,1,157,4.7,0,23.7,0
3,1,0,353,10.5,1,14.9,0
1,2,0,212,9.2,1,22.8,0
0,2,0,196,1.3,1,26.5,0
3,2,0,303,34.7,1,24.8,1
1,0,0,215,14.0,1,23.7,0
3,1,0,332,35.5,1,19.2,1
3,1,1,342,31.3,0,27.7,1
4,1,0,159,65.3,0,19.5,1
1,0,0,157,38.9,0,24.6,0
3,2,1,315,4.7,1,25.5,0
1,1,0,171,77.7,0,26.1,1
0,1,0,213,30.9,1,27.1,1
1,0,1,154,16.8,0,27.5,1
3,1,1,351,38.9,0,23.0,1
0,1,0,168,2.3,1,18.3,0
1,1,0,171,1.0,1,29.9,0
3,1,1,332,2.1,1,22.3,0
2,2,1,210,5.7,1,28.4,0
3,1,0,300,14.9,0,16.9,1
2,0,0,216,77.0,0,31.1,1
0,0,0,211,1.3,0,29.1,0
0,1,1,162,45.1,0,26.0,0
1,2,0,191,29.9,1,32.5,1
2,0,0,196,25.7,1,36.3,1
1,1,0,189,5.2,1,27.9,0
2,2,0,204,25.4,1,26.8,0
3,1,1,317,40.5,1,13.3,0
0,0,1,157,42.3,0,33.6,1
4,0,0,173,29.8,0,29.9,1
1,2,0,194,94.8,0,25.9,1
2,2,0,166,20.6,1,29.0,0
4,0,0,192,73.1,1,21.6,1
4,0,0,216,3.0,0,26.4,0
2,1,0,147,8.2,1,33.2,0
4,2,1,173,5.2,0,27.3,0
0,0,0,166,59.1,0,28.8,1
2,2,0,177,17.4,0,27.3,1
1,0,0,136,25.9,1,29.2,0
0,1,0,189,65.3,1,27.5,0
0,1,0,202,14.0,1,29.0,0
4,0,1,217,80.8,0,19.3,1
4,1,0,167,18.2,1,29.1,0
4,1,1,189,9.2,1,29.9,0
4,2,0,115,14.3,1,23.0,0
4,2,0,190,32.0,1,26.9,0
0,1,1,156,18.1,1,26.0,0
2,0,0,181,6.2,1,33.9,0
3,0,0,312,7.1,0,23.7,1
4,2,1,156,5.5,0,29.3,0
3,1,1,355,33.2,1,19.8,1
1,1,0,218,3.8,1,28.1,0
4,0,0,193,23.6,0,24.7,0
2,0,0,187,6.9,1,21.8,0
0,1,0,143,70.6,1,24.9,1
4,2,0,180,33.8,0,31.9,0
4,2,0,186,42.3,0,28.1,1
4,0,1,167,73.5,0,28.3,0
4,2,1,184,8.9,0,22.7,0
2,0,0,177,92.2,0,30.5,0
3,0,1,318,26.1,0,18.1,1
0,2,0,166,4.7,1,22.1,0
3,0,0,305,3.1,0,26.3,0
0,2,0,173,62.6,0,31.3,1
3,2,0,334,1.3,0,19.3,0
4,0,0,203,75.8,0,25.6,1
3,2,0,331,1.3,0,11.7,0
0,0,0,177,3.8,1,29.6,0
2,1,0,133,38.5,1,26.8,0
1,2,1,154,2.7,1,26.6,0
4,1,1,157,173.7,0,31.3,1
0,2,1,188,123.5,0,36.0,1
0,1,0,178,102.1,0,28.3,0
1,1,1,237,24.6,1,26.9,1
3,0,1,302,1.3,1,16.7,0
4,0,1,170,51.3,1,29.1,1
3,1,1,358,0.4,1,20.8,1
4,2,0,205,67.9,0,21.9,1
3,1,1,310,11.2,1,18.1,1
0,1,1,178,23.0,0,23.7,1
0,0,0,185,8.8,1,34.4,0
2,1,0,201,12.9,1,24.2,1
2,0,0,160,170.2,0,29.1,1
0,1,0,178,14.5,0,28.6,0
0,1,0,216,71.3,0,33.2,1
3,2,0,312,44.4,1,20.4,1
0,0,0,201,0.4,1,33.0,0
3,1,0,334,0.8,0,17.3,0
4,2,0,174,2.6,1,29.9,0
4,0,1,166,22.2,1,26.0,1
2,2,0,165,25.0,1,33.3,0
2,1,1,233,30.7,0,22.0,1
0,1,0,213,11.6,1,26.8,0
0,2,0,179,11.3,1,25.5,0
3,2,0,295,7.9,1,17.4,0
3,2,0,324,11.1,1,17.7,0
3,2,1,338,31.7,1,17.9,1
0,2,0,224,201.3,0,29.9,1
4,2,0,154,23.7,0,26.8,0
0,0,0,169,18.6,1,24.6,0
1,0,1,206,25.6,1,31.6,1
2,2,1,189,11.2,1,29.8,0
4,2,0,189,44.9,0,29.8,1
2,0,1,145,3.3,1,29.4,0
3,2,0,351,14.7,1,15.7,0
2,0,0,178,29.6,1,30.0,0
3,0,0,318,1.7,0,22.8,0
1,2,0,190,60.0,0,29.1,1
1,1,0,192,52.6,0,29.8,0
1,2,0,175,6.9,1,22.7,0
2,0,0,149,164.9,0,28.2,0
3,1,1,366,12.3,0,20.3,1
4,2,0,188,42.5,0,25.6,1
4,0,0,202,0.1,0,27.8,0
2,1,0,168,85.1,1,30.8,1
2,2,0,177,14.0,0,28.7,0
2,0,1,156,11.9,0,23.9,0
2,0,1,206,159.0,0,28.5,1
1,1,0,161,5.1,0,32.3,0
4,0,0,202,18.1,0,28.1,1
4,0,0,212,0.8,0,31.8,0
2,0,0,164,81.4,0,20.9,1
3,1,0,331,33.3,0,18.0,1
4,0,0,180,25.5,0,27.5,0
1,1,1,169,18.9,1,25.7,1
2,0,0,147,5.9,1,30.8,0
3,1,1,300,10.3,0,23.9,1
2,1,0,201,0.8,1,28.2,0
3,2,0,310,9.0,0,21.8,0
2,1,1,175,80.9,0,29.9,1
0,1,0,182,54.7,0,24.4,1
2,1,0,162,8.3,1,31.5,0
3,0,1,325,30.0,0,24.0,1
3,1,1,312,10.3,1,22.1,0
2,1,0,140,17.5,1,28.1,1
0,2,1,215,48.1,1,32.2,1
1,1,0,189,0.6,1,27.2,0
1,0,1,146,139.4,1,23.0,1
0,0,0,186,78.8,1,26.4,0
4,0,1,202,49.2,0,31.9,1
0,2,1,178,10.9,0,27.0,0
0,0,0,98,5.4,1,26.1,0
4,2,0,164,5.4,1,27.0,0
2,2,0,184,2.9,1,24.7,0
2,0,1,152,6.8,1,26.8,1
4,0,0,178,59.5,1,26.0,1
3,0,0,337,9.4,1,22.7,0
3,0,1,327,1.2,1,20.3,1
1,0,0,216,8.4,1,33.5,0
4,1,0,168,136.8,0,28.5,1
4,0,0,176,71.7,0,32.1,1
3,2,0,322,9.7,1,19.2,0
0,1,1,171,1.8,1,28.6,0
1,0,0,192,3.2,1,28.9,0
3,2,0,301,2.6,1,20.8,0
4,0,0,184,25.9,1,28.5,0
2,0,1,172,2.4,0,26.2,1
3,1,0,321,3.3,0,22.2,0
4,1,0,215,20.4,1,33.9,0
0,1,1,152,13.5,1,30.2,1
2,1,0,136,150.6,1,29.4,0
0,0,0,220,28.3,1,31.5,0
3,0,0,337,13.0,0,22.7,1
0,2,0,188,6.8,1,26.0,0
3,0,0,320,27.2,0,22.5,0
1,2,0,165,68.8,1,28.4,1
3,0,0,306,0.4,0,25.6,0
4,2,1,194,96.7,0,25.1,1
4,0,1,184,11.9,1,28.1,1
3,1,1,304,11.6,0,24.3,1
4,2,1,171,1.0,0,27.2,0
4,2,0,156,10.6,0,27.5,0
2,0,0,191,2.3,1,29.9,0
1,0,0,208,133.8,1,22.0,0
3,1,0,345,2.9,1,16.0,1
4,0,1,164,27.1,1,30.7,1
2,0,1,232,27.1,1,32.7,1
0,2,1,164,6.4,0,19.8,0
4,0,0,196,50.1,0,26.2,1
4,1,1,212,16.2,1,24.8,1
3,2,0,316,0.2,0,26.3,0
4,1,0,140,158.3,0,27.4,1
3,0,1,317,10.1,1,20.2,1
1,2,0,113,61.7,0,26.7,1
4,0,0,156,95.4,0,24.9,1
2,0,1,219,11.4,0,23.6,1
3,1,0,320,55.9,0,23.4,1
4,0,0,220,22.1,0,30.9,1
4,0,1,242,89.5,0,32.2,1
3,0,1,294,8.6,0,20.1,1
0,2,1,143,68.9,0,28.9,1
1,0,0,198,29.9,0,28.3,0
0,2,0,209,109.4,1,28.6,1
0,0,0,134,44.1,1,27.5,1
2,2,1,178,3.3,1,22.8,0
4,1,1,212,0.0,1,24.3,0
0,0,1,199,30.6,0,28.7,0
1,1,1,142,34.8,1,26.6,0
3,1,1,324,3.3,1,22.7,0
1,0,0,150,10.8,1,34.6,0
3,0,0,295,14.5,1,15.0,0
3,2,1,327,6.9,0,17.4,0
4,1,0,193,22.5,1,32.3,0
3,0,1,309,5.6,0,21.2,0
1,0,1,203,19.0,1,25.0,0
2,1,0,126,8.8,1,30.8,0
4,2,1,182,25.8,0,28.9,1
1,0,0,165,45.5,0,33.9,1
2,1,0,198,10.7,0,25.3,0
1,0,0,176,30.9,1,30.7,0
3,0,1,337,23.1,1,18.9,1
0,1,0,182,2.3,1,28.8,0
2,1,0,186,26.2,0,31.0,1
2,0,0,179,25.1,1,31.1,0
0,1,0,186,31.3,1,31.6,0
3,1,1,327,1.0,0,19.0,1
0,0,0,195,20.4,1,27.3,0
1,0,0,186,30.8,1,27.0,0
0,0,0,149,7.3,1,28.7,0
4,2,0,146,70.4,0,24.4,1
1,2,0,159,62.0,1,26.3,1
0,1,0,173,34.8,1,33.3,0
0,0,0,172,116.3,0,27.5,1
4,1,0,151,26.9,0,27.0,1
0,1,0,195,14.6,0,32.3,0
3,0,1,339,14.9,1,19.7,1
4,1,1,148,2.9,1,27.1,0
0,0,0,141,20.4,1,22.0,0
3,0,0,292,37.0,0,14.4,1
3,0,0,330,34.6,0,22.0,1
1,2,1,201,2.0,1,25.0,0
2,0,1,190,4.4,1,20.2,0
4,2,0,168,55.7,0,26.2,0
1,2,1,131,84.6,1,30.2,1
2,0,0,218,4.0,0,31.2,0
4,2,0,194,31.0,0,29.5,1
1,0,0,207,19.9,0,29.8,0
2,0,0,136,204.7,0,30.2,1
0,2,0,200,29.4,1,26.5,0
3,1,1,317,3.5,1,20.9,0
2,2,1,157,65.7,0,30.3,1
2,2,1,141,64.4,0,23.8,0
0,2,0,157,25.3,1,29.1,1
1,0,0,151,22.3,1,30.1,0
1,0,0,172,47.7,1,24.9,1
0,2,0,180,11.0,1,31.1,0
2,1,0,219,11.7,1,23.8,0
3,0,1,313,22.0,1,20.0,1
0,0,0,163,16.8,1,28.6,0
1,0,0,192,2.7,1,25.2,0
4,1,1,155,9.3,0,24.5,1
4,1,1,174,7.7,1,30.7,0
0,2,0,209,7.5,0,27.9,1
1,2,0,163,59.1,1,24.8,1
4,2,1,181,0.5,1,28.1,0
3,1,0,339,4.0,0,22.4,0
2,1,0,180,41.4,0,28.6,0
2,1,0,170,11.6,0,28.0,0
0,0,1,197,32.3,1,26.7,1
0,0,1,163,41.7,1,26.1,1
3,1,0,340,17.7,0,20.0,1
0,0,1,166,116.4,0,31.7,1
2,1,0,144,112.8,0,29.5,0
2,0,0,205,30.2,0,30.0,1
4,1,1,209,10.9,0,29.8,0
4,1,0,196,9.2,1,29.2,0
1,1,0,200,47.4,0,25.5,0
3,0,0,310,5.4,1,15.5,0
2,1,1,191,7.6,1,23.0,0
0,2,0,170,3.8,1,26.6,0
2,1,0,186,26.6,1,28.1,0
2,0,0,171,44.6,1,35.9,1
4,0,1,202,19.5,0,25.7,0
1,0,0,194,0.7,1,30.6,0
4,1,1,239,12.0,1,27.0,0
3,2,0,292,35.5,1,20.0,0
2,2,0,174,52.5,0,28.5,1
1,2,0,184,23.6,0,28.0,1
0,1,0,174,13.9,1,22.8,0
3,0,1,320,14.9,1,16.6,1
0,2,1,133,34.7,1,26.7,1
0,1,0,180,35.9,0,25.3,0
2,1,1,150,48.0,0,22.1,1
4,0,1,184,25.0,1,21.5,1
4,1,1,171,15.1,0,29.8,0
0,2,0,164,9.9,1,25.7,0
4,1,1,185,53.1,0,27.8,1
2,2,0,203,52.8,1,23.8,1
4,0,0,202,21.2,0,27.4,1
4,1,1,188,79.0,0,29.9,1
0,1,0,204,202.3,1,31.2,1
1,2,0,160,27.9,1,25.5,0
0,2,1,181,2.3,1,22.8,0
3,0,0,335,0.5,1,15.9,0
2,2,1,183,36.7,0,25.1,1
1,0,1,187,33.1,1,25.5,1
4,0,0,138,51.6,1,24.6,0
3,2,1,326,25.8,1,21.6,0
2,1,0,124,21.0,1,33.4,0
1,1,0,189,21.5,0,28.6,0
3,1,0,300,13.4,0,15.4,1
4,0,0,195,70.5,0,24.6,1
2,0,0,157,3.4,1,27.6,0
3,0,0,332,2.2,0,21.5,1
4,2,0,184,77.9,0,30.2,1
4,0,0,172,54.5,0,28.1,1
0,0,1,183,26.5,0,24.8,1
4,1,0,193,3.6,1,24.3,0
1,1,1,172,66.3,0,29.8,1
4,1,0,207,6.7,0,26.1,0
2,2,0,165,1.3,1,24.6,0
2,1,1,175,32.9,1,24.4,1
1,0,0,242,95.4,0,26.8,1
4,0,1,154,23.3,0,27.9,0
1,0,1,205,9.6,1,25.2,0
1,1,1,180,6.7,0,28.3,0
3,2,1,316,4.9,1,18.8,0
4,1,0,221,61.9,1,26.1,1
3,0,0,295,8.2,1,20.3,0
3,1,0,338,1.7,1,21.8,0
3,1,0,286,12.2,0,23.2,0
2,1,0,203,17.1,1,26.5,0
0,2,0,142,11.7,0,27.5,0
4,2,1,213,1.6,0,29.5,0
4,0,0,203,64.9,0,19.8,1
4,0,1,141,27.8,1,26.7,1
4,2,0,223,2.9,0,24.2,0
2,0,1,167,8.5,1,30.6,0
0,2,0,183,105.9,0,18.6,0
3,1,0,322,3.1,0,26.0,0
0,2,1,170,52.1,0,29.5,1
2,1,0,167,9.7,0,23.9,0
0,0,0,161,5.5,1,24.9,0
4,0,1,159,77.3,1,28.5,1
2,0,1,130,22.8,1,29.6,1
0,1,1,192,40.8,0,22.8,1
2,2,1,233,9.2,1,25.7,0
4,1,0,172,5.0,0,30.9,0
0,0,1,149,21.2,0,31.7,1
0,1,0,209,25.2,1,26.9,1
0,2,0,169,26.8,1,27.1,1
2,2,0,164,17.6,1,29.6,0
4,0,1,158,8.6,1,26.9,0
4,0,0,232,43.4,0,29.8,1
1,1,0,162,13.6,1,27.1,0
3,2,0,314,42.5,0,20.0,1
4,0,0,173,17.5,1,29.6,0
2,1,0,168,130.0,0,23.2,0
4,1,0,223,66.7,0,25.9,1
4,0,1,218,2.5,1,25.2,1
2,2,0,183,1.9,0,29.4,0
4,0,0,177,43.4,0,30.7,1
4,2,0,179,58.3,0,29.4,1
2,1,0,186,87.6,0,26.6,0
1,1,1,161,35.5,0,28.7,1
1,1,1,158,81.7,0,30.5,1
1,2,0,136,24.2,1,30.9,0
4,1,0,155,14.6,0,34.5,1
4,0,0,173,42.0,0,32.8,1
0,2,0,164,21.5,1,31.6,0
3,1,0,330,13.0,1,21.0,1
4,1,1,191,24.4,0,23.4,0
4,1,0,175,23.2,0,27.4,1
2,2,1,193,47.6,0,21.8,0
4,1,1,189,27.4,1,22.5,1
0,1,0,160,118.2,0,23.9,0
3,2,0,332,6.5,1,20.9,0
0,0,1,179,35.7,0,30.9,1
1,1,0,198,55.4,0,24.3,0
3,0,1,294,7.9,1,24.2,1
4,1,1,197,12.1,1,34.9,1
4,1,1,173,59.6,0,27.0,1
3,0,0,341,8.6,1,23.6,0
1,0,0,162,29.9,1,28.1,0
2,2,0,148,13.3,1,25.7,0
2,0,0,166,77.8,0,27.0,1
0,0,1,209,7.1,1,28.7,0
0,0,0,159,3.0,1,20.1,0
2,0,0,178,59.6,0,27.1,1
1,1,0,164,103.7,1,33.8,0
1,1,1,153,26.8,1,29.8,0
1,1,0,104,80.2,0,22.1,1
2,0,1,231,126.1,1,26.0,1
1,2,1,251,18.8,0,26.4,1
4,1,1,155,7.8,1,28.2,0
2,1,0,203,59.6,0,22.1,1
0,1,1,140,3.8,1,22.9,0
1,0,0,210,59.6,0,24.3,0
1,2,0,160,75.5,0,33.1,1
3,2,1,274,24.2,0,22.3,1
3,2,1,321,10.8,1,19.7,1
3,2,0,346,12.3,1,18.6,0
0,2,0,144,239.2,0,22.4,1
0,1,0,235,58.1,1,30.2,0
1,0,1,161,77.3,1,27.9,1
3,2,0,290,10.6,1,22.5,0
3,2,1,370,6.7,0,18.9,0
4,1,1,183,4.0,0,27.6,1
0,2,0,189,15.8,1,30.9,0
4,2,0,209,12.6,1,27.4,1
2,1,0,167,16.3,1,23.1,0
2,1,1,187,13.8,1,32.8,1
4,0,1,171,37.3,1,21.8,1
0,0,0,170,33.7,0,33.5,1
0,2,1,189,41.8,0,20.8,1
3,1,0,317,3.0,0,15.3,0
2,1,0,173,17.2,1,33.4,0
0,2,0,172,46.6,0,21.0,1
2,2,1,187,20.7,1,27.1,1
0,2,0,224,18.6,0,32.0,1
0,2,0,176,137.1,0,29.7,1
4,0,1,188,53.6,0,32.2,1
0,1,0,159,59.5,0,32.0,0
2,2,0,222,3.9,1,24.8,0
0,0,1,185,84.3,1,24.5,1
4,2,1,111,11.8,1,29.4,0
3,1,1,286,3.0,0,23.9,1
3,0,0,319,5.0,1,26.2,0
2,2,1,192,8.0,1,29.1,0
4,1,1,172,176.8,0,22.9,1
3,1,1,306,4.3,0,23.1,0
3,2,0,313,10.0,0,23.2,1
4,2,0,172,16.7,1,30.4,0
2,2,1,169,60.3,0,32.6,1
2,2,1,197,13.7,1,27.2,0
3,1,0,320,0.8,0,23.8,0
3,1,0,304,13.9,1,18.7,0
0,1,0,182,28.5,1,27.0,0
2,0,0,211,15.8,1,28.7,0
4,0,1,202,46.3,0,30.4,1
2,0,1,192,13.8,1,26.4,0
2,0,1,176,26.7,0,25.3,0
4,0,0,181,31.8,1,25.3,1
3,0,1,304,0.8,0,24.1,0
4,2,1,192,38.7,1,30.1,0
3,2,1,351,3.2,0,22.7,1
2,2,0,220,124.9,0,25.4,1
2,2,0,223,12.2,0,33.6,1
1,0,0,201,6.9,1,32.7,0
0,0,0,161,66.8,1,23.2,1
2,2,0,203,33.8,1,32.0,0
3,2,1,303,11.0,0,19.9,0
0,1,1,154,17.2,1,25.7,1
4,1,1,190,4.4,0,28.7,1
2,1,1,148,117.8,0,28.0,1
0,1,0,205,0.7,1,31.2,0
1,1,0,158,3.7,1,25.2,0
4,0,1,183,42.3,0,25.3,1
4,1,0,192,35.1,0,29.0,1
0,0,1,185,22.6,0,29.1,1
3,0,0,330,7.3,1,17.8,0
4,2,0,179,8.9,0,31.7,0
4,1,0,205,88.6,1,28.5,1
3,1,0,321,26.5,0,20.9,1
0,1,0,218,80.2,0,33.4,1
3,1,1,281,3.2,1,17.6,0
1,1,1,201,68.6,0,28.5,1
0,2,0,152,8.9,1,32.1,0
2,1,0,204,33.7,1,27.0,0
